Filename,Sample ID,Mass (g),Sample type,Unique ID,Site,Cyromazine,Acephate,Dinotefuran,Thiabendazole,Thiamethoxam,Clothianidin,Mevinphos,Imidacloprid,Acetamiprid,Flupyradifurone,Thiacloprid,Sulfoxaflor,Tebuthiuron,Prometon,Cyanazine,Thiophanate-methyl,Ametryn,Methoprotryne,Bendiocarb,Malaoxon,Carbofuran,Pyrimethanil,Carbaryl,Fluometuron,Atrazine,Hydroxychlorothalonil ,Sulfentrazone,Diuron,Metalaxyl,Cyantraniliprole,Metobromuron,Prometryn,Terbutryn,Metazachlor,Clomazone,Propazine,Chlorantraniliprole,Methiocarb,Phenmedipham,Fluazifop,Flumioxazin,Fludioxonil,Cyprodinil,Spirotetramat,Phosmet,Bromuconazole,Azoxystrobin,Myclobutanil,Fenamidone,Triadimefon,Boscalid,Fluxapyroxad,Mandipropamid,Fenhexamid,Napropamide,Fluopicolide,Tetraconazole,Tebuconazole,Spinosad,Fluopyram,Methoxyfenozide,Diflubenzuron,Fenbuconazole,Metolachlor,Metconazole,Flufenacet,Dimoxystrobin,Propiconazole,Fluoxastrobin,Fumagillin,Tebufenozide,Spinetoram,Triflumizole,Fipronil,Picoxystrobin,Difenoconazole,Penthiopyrad,Coumaphos,Pyraclostrobin,Thiobencarb,Hexaflumuron,Profenophos,Cyflufenamid,Indoxacarb,Trifloxystrobin,Piperonyl butoxide,Tetramethrin,Fluazinam,Chlorpyrifos,Fenpyroximate,Amitraz,Avermectin B1a,Number of Pesticides Per Sample,ppb
2020nov10_USDA_fungicides_2019_sample_059,Wax_08,4.76,Bumble bee wax,,BakersAcres,0,0,0,0,0.9,1.5,0,0,0,0,0,0,0.3,0,0,0,0,0,0,0,0,0.4,0,0,6.6,0,0,2,0,0,0,0,0,0,0,0.2,5,0,0,0,0,0,12.9,0,0,0,0.5,0,0,0,0,43.2,0.3,0,0,0,0,2,0,0.1,0.5,0,0.6,16,0,0,0,2,0,0,0,0,0,0,0.1,91.3,0,0,60,0,0,0,0,0,194.3,0.8,0,0,0,0,0,0,23,441.7
2020nov10_USDA_fungicides_2019_sample_181,Pollen_17,3.77,Honey bee pollen,,BakersAcres,0,0,0,0,0,0,0,0,0,0,0,0,1.5,0,0,0,0,0,0,0,0,0,0,0,1.2,0,0,0,0,0,0,0,0,0,0,0,0,0,0,0,0,0,1.8,0,0,0,0,0,0,0,0,0,0,0,0,0,0,0,0,0,0,0,0,0.9,0,0,0,0,0,0,0,0,0,0,0,10.7,0,0,0.4,0,0,0,0,0,63.4,0,0,0,0,0,0,0,7,79.8
2020nov10_USDA_fungicides_2019_sample_195,Nectar_10,5.02,Nectar,,BakersAcres,0,0,0,0,0,0,0,0,0,0,0,0,0.2,0,0,0,0,0,0,0,0,0,0,0,0,0,0,0,0,0,0,0,0,0,0,0,0,0,0,0,0,0,0.2,0,0,0,0,0,0,0,0,0,0,0,0,0,0,0,0,0,0,0,0,0,0,0,0,0,0,0,0,0,0,0,0,0.7,0,0,0,0,0,0,0,0,0.8,0,0,0,0,0,0,0,4,1.9
2020nov10_USDA_fungicides_2019_sample_230,Apple flower_23,1.75,Apple flower,,BakersAcres,0,0,0,0.5,0,0,0,1,1.2,0,0,0,0,0,0,0,0,0,0,0,0,0,0.8,0,1,0,0,0,0,0,0,0,0,0,0,0,11.6,0,0,0,0,0,1000,0,0,0,3.8,0,0,0,0,11.2,0,0,0,0,0,0,0,0,0,0,5.4,0.5,0,0,0,0,0,0,0,0,0,0,0,3378.3,0,0,17.6,0,0,0,0,3,4416.7,0,0,0,0,0,0,0,15,8852.6
2020nov10_USDA_fungicides_2019_sample_231,Apple flower_24,1.21,Apple flower,,BakersAcres,0,0,0,0.5,0,0,0,0,0.5,0,0,0,0,0,0,0,0,0,0,0,0,0,0,0,0.5,0,0,0,0,0,0,0,0,0,0,0,8,0,0,0,0,0,624.4,0,0,0,2.9,0,0,0,0,9,0,0,0,0,0,0,0,0,0,0,3.5,0.5,0,0,0,0,0,0,0,0,0,0,0,3123.4,0,0,12.9,0,0,0,0,0,3412.6,0,0,0,0,0,0,0,12,7198.8
2020nov10_USDA_fungicides_2019_sample_274,Dandelion flower_25,3.61,Dandelion flower,,BakersAcres,0,0,0,0.2,0,0,0,1,0,0,0,0,0,0,0,0,0,0,0,0,0,0,0,0,0.2,0,0,0,0,0,0,0,0,0,0,0,1.9,0,0,0,0,0,66.6,0,0,0,0.6,0,0,0,0,3.1,0,0,0,0,0,0,0,0,0,0,2.3,0.5,0,0,0,0,0,0,0,0,0,0,0,457.7,0,0,1.7,0,0,0,0,0,1258.5,0,0,0,0,0,0,0,12,1794.4
2020nov10_USDA_fungicides_2019_sample_275,Dandelion flower_26,3.39,Dandelion flower,,BakersAcres,0,0,0,0.2,0,0,0,0,0,0,0,0,0,0,0,0,0,0,0,0,0,0,0,0,0.2,0,0,0,0,0,0,0,0,0,0,0,0.9,0,0,0,0,0,61.7,0,0,0,0.6,0,0,0,0,1.9,0,0,0,0,0,0,0,0,0,0,1,0.5,0,0,0,0,0,0,0,0,0,0,0,439.4,0,0,1.1,0,0,0,0,0,1171,0,0,0,0,0,0,0,11,1678.5
2020nov10_USDA_fungicides_2019_sample_031,Mason bee pollen_15,0.507,Mason bee pollen provision,,BakersAcres,0,0,0,0.1,1.2,1.2,0,0,0,0,0,0,0,0,0,0,0,0,0,0,0,0,0.06,0,5.5,0,0,0,0,0,0,0,0,0,0,0.1,0,0,0,0,0,0.21,1,0,0,0,0,0,0,0,0,1.9,0,0,0,0,0,0,0,0,0,0,0,44.3,0,0,0,0,0,0,0,0,0,0,0,1.3,0,0,2,0,0,0,0,0,2.4,0,0,0,0,0,0,0.21,14,61.4
2020nov10_USDA_fungicides_2019_sample_037,Bumblebee Queen_03,0.53,Bombus impatiens queen,BA517.CUBI1,BakersAcres,0,0,0,0,0,0,0,0,0,0,0,0,0,0,0,0,0,0,0,0,0,0,0,0,0.01,0,0,0,0,0,0,0,0,0,0,0,0,0,0,0,0,0,3.2,0,0,0,0.01,0,0,0,0,0,0,0,0,0,0,0,0,0,0,0,0,0,0,0,0,0,0,0,0,0,0,0,0,52.6,0,0,0.3,0,0,0,0,0,152.7,0,0,0,0,0,0,0,6,208.9
2020nov10_USDA_fungicides_2019_sample_075,Xylocopa_03,0.305,Xylocopa virginica,BA517.PMXV1,BakersAcres,0,0,0,0,0,0,0,0,0,0,0,0,0,0,0,0,0,0,0,0,0,0,0,0,0,0,0,0,0,0,0,0,0,0,0,0,0,0,0,0,0,0,1.4,0,0,0,0,0,0,0,0,0,0,0,0,0,0,0,0,0,0,0,0,0,0,0,0,0,0,0,0,0,0,0,0,14.8,0,0,0.4,0,0,0,0,0,43.2,0,0,0,0,0,0,0,4,59.8
2020nov10_USDA_fungicides_2019_sample_092,Bumblebee worker_07,0.115,Bombus impatiens worker,,BakersAcres,0,0,0,0,0,0,0,0,0,0,0,0,0,0,0,0,0,0,0,0,0,0,0,0,0.01,0,0,0,0,0,0,0,0,0,0,0,0,0,0,0,0,0,0.01,0,0,0,0,0,0,0,0,0,0,0,0,0,0,0,0,0,0,0,0,0.04,0,0,0,0,0,0,0,0,0,0,0,1.1,0,0,0.7,0,0,0,0,0,0.7,0,0,0,0,0,0,0,6,2.6
2020nov10_USDA_fungicides_2019_sample_135,Small Andrena_12,0.021,Andrena sp.,BA520.NBAS1,BakersAcres,0,0,0,0,0,0,0,0,0,0,0,0,0,0,0,0,0,0,0,0,0,0,0,0,0.01,0,0,0,0,0,0,0,0,0,0,0,0,0,0,0,0,0,0,0,0,0,0,0,0,0,0,0,0,0,0,0,0,0,0,0,0,0,0,0,0,0,0,0,0,0,0,0,0,0,0,0.04,0,0,0,0,0,0,0,0,11.5,0,0,0,0,0,0,0,3,11.6
2020nov10_USDA_fungicides_2019_sample_145,Large Andrena_21,0.102,Andrena (Melandrena),BA520.PMAM1,BakersAcres,0,0,0,0,0,0,0,0,0,0,0,0,0,0,0,0,0,0,0,0,0,0,0,0,0.01,0,0,0,0,0,0,0,0,0,0,0,0,0,0,0,0,0,0.01,0,0,0,0,0,0,0,0,0,0,0,0,0,0,0,0,0,0,0,7.1,0.04,0,0,0,0,0,0,0,0,0,0,0,4.7,0,0,0,0,0,0,0,0,14.1,0,0,0,0,0,0,0,6,25.9
2020nov10_USDA_fungicides_2019_sample_060,Wax_09,5.01,Bumble bee wax,,BlackDiamond,0,0,0,0,0.6,0,0,0,0,0,0,0,0.2,0,0,0,0,0,0,0,0,0.3,88.1,0,2.2,0,0,0,0,2.4,0,0,0,0,0,0.2,11.5,0,0,0,0,0,20.1,0,0,0,0.3,0,0,0,0,4.9,0.3,0,0,0,0,2,0,0.1,0.4,0,0,3.3,0,0,0,0,0,0,0,0,0,0,0.3,121.9,1.8,0,5.5,0,0,0,0,87.2,9.9,0.6,0,0,30.5,0,0,0,24,394.8
2020nov10_USDA_fungicides_2019_sample_174,Pollen_10,3.56,Honey bee pollen,,BlackDiamond,0,0,0,0,0.5,0,0,0,0,0,0,0,0.8,0,0,0,0,0,0,0,0,0,0.8,0,1.7,0,0,0,0,2.1,0,0,0,0,0,0,4.3,0,0,0,0,0,4.4,0,0,0,0,0,0,0,0,13.1,0,0,0,0,0,0,0,0,0,0,0,3.9,0,0,0,0,0,0,0,0,0,0,0,17.5,1,0,8.7,0,0,0,0,0,0.5,0,0,0,30,0,0,0,14,89.4
2020nov10_USDA_fungicides_2019_sample_187,Nectar_02,5.01,Nectar,,BlackDiamond,0,0,0,0,0,0,0,0,0,0,0,0,1,0,0,0,0,0,0,0,0,0,0,0,0.2,0,0,0,0,1,0,0,0,0,0,0,0,0,0,0,0,0,0.2,0,0,0,0,0,0,0,0,0,0,0,0,0,0,0,0,0,0,0,0,0,0,0,0,0,0,0,0,0,0,0,0,0.5,0,0,0,0,0,0,0,0,0,0,0,0,0,0,0,0,5,2.8
2020nov10_USDA_fungicides_2019_sample_209,Apple flower_03,1.69,Apple flower,,BlackDiamond,0,0,0,0,0,0,0,0,0,0,0,0,0,0,0,0,0,0,0,0,0,0.5,0,0,1,0,0,0,0,8.3,0,0,0,0,0,0,0.8,0,0,0,0,0,1000,0,0,0,0.4,0,0,0,0,29.8,0,0,0,0,0,0,0,0,0,0,0,0.5,0,0,0,0,0,0,0,0,0,0,0,2620.8,10.4,0,28.9,0,0,0,0,0,0.5,0,0,0,66.7,0,0,0,13,3768.5
2020nov10_USDA_fungicides_2019_sample_210,Apple flower_04,1.69,Apple flower,,BlackDiamond,0,0,0,0,0,0,0,0,0,0,0,0,0,0,0,0,0,0,0,0,0,0.5,0,0,2.4,0,0,0,0,74.2,0,0,0,0,0,0,4.1,0,0,0,0,0,1000,0,0,0,0.2,0,0,0,0,196.9,0,0,0,0,0,0,0,0,0,0,1,0.5,0,0,0,0,0,0,0,0,0,0,0,10000,80.7,0,192.7,0,0,0,0,0,0.9,0,0,0,185.3,0,0,0,14,11739.5
2020nov10_USDA_fungicides_2019_sample_272,Dandelion flower_23,2.1,Dandelion flower,,BlackDiamond,0,0,0,0,0,0,0,0,0,0,0,0,0,0,0,0,0,0,0,0,0,1.3,0,0,0.6,0,0,0,0,4.3,0,0,0,0,0,0,0.8,0,0,0,0,0,195.2,0,0,0,0,0,0,0,0,21.9,0,0,0,0,0,0,0,0,0,0,0,0.5,0,0,0,0,0,0,0,0,0,0,0,534.5,8,0,4.7,0,0,0,0,0,0.2,0,0,0,116.8,0,0,0,12,888.7
2020nov10_USDA_fungicides_2019_sample_273,Dandelion flower_24,1.96,Dandelion flower,,BlackDiamond,0,0,0,0,0,0,0,0,0,0,0,0,0,0,0,0,0,0,0,0,0,0.5,0,0,0.6,0,0,0,0,1.6,0,0,0,0,0,0,0,0,0,0,0,0,122.5,0,0,0,0,0,0,0,0,17.9,0,0,0,0,0,0,0,0,0,0,0,0.5,0,0,0,0,0,0,0,0,0,0,0,416.8,5,0,2.1,0,0,0,0,0,0.2,0,0,0,80.3,0,0,0,11,648.1
2020nov10_USDA_fungicides_2019_sample_027,Mason bee pollen_11,0.506,Mason bee pollen provision,,BlackDiamond,0,0,0,0.01,0.6,0,0,0,0,0,0,0,0.1,0,0,0,0,0,0,0,0,0,0.7,0,2.8,0,0,0,0,0,0,0,0,0,0,0.01,2,0,0,0,0,0,1,0,0,0,0,0,0,0,0,0.14,0,0,0,0,0,0,0,0,0,0,0,6.7,0,0,0,0,0,0,0,0,0,0,0,1.6,0,0,0.1,0,0,0,0,0,0,0,0,0,0,0,0,0,12,15.8
2020nov10_USDA_fungicides_2019_sample_044,Bumblebee Queen_10,0.444,Bombus impatiens queen,BD516.PMBI1,BlackDiamond,0,0,0,0,0,0,0,0,0,0,0,0,0,0,0,0,0,0,0,0,0,0,0,0,0.01,0,0,0,0,1.2,0,0,0,0,0,0,0.5,0,0,0,0,0,1.1,0,0,0,0,0,0,0,0,1.8,0,0,0,0,0,0,0,0,0,0,0,0.04,0,0,0,0,0,0,0,0,0,0,0,4,0.6,0,1.7,0,0,0,0,0,0,0,0,0,2.1,0,0,0,10,13.1
2020nov10_USDA_fungicides_2019_sample_081,Xylocopa_09,0.5,Xylocopa virginica,BD516.PKXV1,BlackDiamond,0,0,0,0,0,0,0,0,0,0,0,0,0,0,0,0,0,0,0,0,0,0,0,0,0.01,0,0,0,0,0.9,0,0,0,0,0,0,1.6,0,0,0,0,0,1,0,0,0,0,0,0,0,0,4.4,0,0,0,0,0,0,0,0,0,0,0,0,0,0,0,0,0,0,0,0,0,0,0,4.4,0.2,0,4.7,0,0,0,0,0,0.2,0,0,0,0,0,0,0,9,17.4
2020nov10_USDA_fungicides_2019_sample_095,Bumblebee worker_10,0.139,Bombus impatiens worker,,BlackDiamond,0,0,0,0,0,0,0,0,0,0,0,0,0,0,0,0,0,0,0,0,0,0,3.5,0,0.01,0,0,0,0,0,0,0,0,0,0,0,0,0,0,0,0,0,0.01,0,0,0,0,0,0,0,0,0,0,0,0,0,0,0,0,0,0,0,0,0,0,0,0,0,0,0,0,0,0,0,0,0.9,0,0,0,0,0,0,0,0.21,0,0,0,0,0,0,0,0,5,4.6
2020nov10_USDA_fungicides_2019_sample_120,Honeybee worker_14,0.094,Apis mellifera worker,,BlackDiamond,0,0,0,0,26.9,0,0,0,0,0,0,0,0,0,0,0,0,0,0,0,0,0,0,0,0,0,0,0,0,0,0,0,0,0,0,0,0,0,0,0,0,0,0,0,0,0,0,0,0,0,0,0,0,0,0,0,0,0,0,0,0,0,0,0,0,0,0,0,0,0,0,0,0,0,0,0,0,0,0,0,0,0,0,0,0,0,0,0,0,0,0,0,1,26.9
2020nov10_USDA_fungicides_2019_sample_126,Small Andrena_03,0.044,Andrena sp.,BD516.CUAS1,BlackDiamond,0,0,0,0,0,0,0,0,0,0,0,0,0,0,0,0,0,0,0,0,0,0,0,0,0.01,0,0,0,0,0.07,0,0,0,0,0,0,0,0,0,0,0,0,1.4,0,0,0,0,0,0,0,0,0,0,0,0,0,0,0,0,0,0,0,0,0,0,0,0,0,0,0,0,0,0,0,0,2.8,0.01,0,8.8,0,0,0,0,0,1.7,0,0,0,0,0,0,0,7,14.7
2020nov10_USDA_fungicides_2019_sample_157,Large Andrena_33,0.085,Andrena (Melandrena),BD516.CUAM1,BlackDiamond,0,0,0,0,0.04,0,0,0,0,0,0,0,0,0,0,0,0,0,0,0,0,0,0,0,0.01,0,0,0,0,21.5,0,0,0,0,0,0,0,0,0,0,0,0,1.1,0,0,0,0,0,0,0,0,0.14,0,0,0,0,0,0,0,0,0,0,0,0,0,0,0,0,0,0,0,0,0,0,0,4.5,0.6,0,2.2,0,0,0,0,0,0,0,0,0,0,0,0,0,8,30.1
2020nov10_USDA_fungicides_2019_sample_066,Wax_15,4.99,Bumble bee wax,,ChipBailey,0,0,0,0,0,0,0,1,0,0,0,0,0.4,0,0,0,0,0,0,0,0,0.8,0.8,0,0.3,0,0,0,0,0,0,0,0,0,0,0,1.2,0,0,0,0,0,5.8,0,0,0,0.3,0,0,0,0,12.2,0.3,0,0,0,0,2,0,7.4,1,0,1,0.8,0,0,0,2,0,0,0,0,0,0,0.2,63.6,2.3,0,11.4,0,0,0,0,0,152,1.3,0,1,50.3,0,0,0,24,319.2
2020nov10_USDA_fungicides_2019_sample_179,Pollen_15,4.05,Honey bee pollen,,ChipBailey,0,0,0,0,0,0,0,0,0,0,0,0,0.2,0,0,0,0,0,0,0,0,1.4,0,0,0.7,0,0,0,0,0,0,0,0,0,0,0,0.8,0,0,0,0,0,25.7,0,0,0,0,0,0,0,0,35.9,0,0,0,0,0,0,0,0.1,0,0,0.8,2.5,0,0,0,0,0,0,0,0,0,0,0,141.3,0,0,27.1,0,0,0,0,0,0.9,0,0,0,218,0,0,0,13,455.4
2020nov10_USDA_fungicides_2019_sample_188,Nectar_03,3.94,Nectar,,ChipBailey,0,0,0,0,0,0,0,0,0,0,0,0,0.2,0,0,0,0,0,0,0,0,0,0,0,0,0,0,0,0,0,0,0,0,0,0,0,0,0,0,0,0,0,0.2,0,0,0,0,0,0,0,0,0,0,0,0,0,0,0,0,0,0,0,0,0,0,0,0,0,0,0,0,0,0,0,0,0.5,0,0,0.2,0,0,0,0,0,0,0,0,0,0,0,0,0,4,1.1
2020nov10_USDA_fungicides_2019_sample_207,Apple flower_01,1.63,Apple flower,,ChipBailey,0,0,0,6.4,0,0,0,4.4,0,0,0,0,0,0,0,0,0,0,0,0,0,2.2,0,0,0.7,0,0,0,0,0,0,0,0,0,0,0,0,0,0,0,0,0,11.3,0,0,0,0.2,0,0,0,0,13.8,0,0,0,0,0,0,0,0.3,0,0,1,0.5,0,0,0,0,0,0,0,0,0,0,0,20.4,0,0,10,0,0,0,0,0,0.2,0,0,0,0,0,0,0,13,71.3
2020nov10_USDA_fungicides_2019_sample_208,Apple flower_02,1.34,Apple flower,,ChipBailey,0,0,0,3.8,0,0,0,0,0,0,0,0,0,0,0,0,0,0,0,0,0,2.2,0,0,0.7,0,0,0,0,0,0,0,0,0,0,0,0,0,0,0,0,0,16.2,0,0,0,0.2,0,0,0,0,8.3,0,0,0,0,0,0,0,0.3,0,0,0,0.5,0,0,0,0,0,0,0,0,0,0,0,31.8,0,0,5.3,0,0,0,0,0,0.2,0,0,0,0,0,0,0,11,69.4
2020nov10_USDA_fungicides_2019_sample_251,Dandelion flower_03,1.5,Dandelion flower,,ChipBailey,0,0,0,12.4,0,0,0,0,0,0,0,0,0,0,0,0,0,0,0,0,0,0.5,0,0,0,0,0,0,0,0,0,0,0,0,0,0,0,0,0,0,0,0,1.6,0,0,0,0.9,0,0,0,0,6.3,0,0,0,0,0,0,0,0.1,0,0,0,0.5,0,0,0,0,0,0,0,0,0,0,0,4.5,0,0,0.8,0,0,0,0,0,0,0,0,0,0,0,0,0,9,27.4
2020nov10_USDA_fungicides_2019_sample_252,Dandelion flower_04,2.32,Dandelion flower,,ChipBailey,0,0,3.6,8.2,0,0,0,0,0,0,0,0,0,0,0,0,0,0,0,0,0,0.9,0,0,0.4,0,0,0,0,0,0,0,0,0,0,0,0.8,0,0,0,0,0,4.5,0,0,0,0.7,0,0,0,0,0,0,0,0,0,0,0,0,0.1,0,0,0,0.5,0,0,0,0,0,0,0,0,0,0,0,11.4,0,0,3.1,0,0,0,0,0,0.2,0,0,0,0,0,0,0,12,34.4
2020nov10_USDA_fungicides_2019_sample_017,Mason bee pollen_01,0.492,Mason bee pollen provision,,ChipBailey,0,0,0,0,0.6,0,0,0.07,0,0,0,0,0,0,0,0,0,0,0,0,0,0.7,0.06,0,1.2,0.7,0,0,0,0,0,0,0,0,0,0,0.06,0,0,0,0,0,18.7,0,0,0,0,0,0,0,0,6.1,0,0,0,0,0,0,0,70,0,0,0.07,1.4,0,0,0,0,0,0,0,0,0,0,0,83.6,0.5,0,3.8,0,0,0,0,0,700,0,0,0,16.9,0,0,0,17,904.5
2020nov10_USDA_fungicides_2019_sample_105,Bumblebee worker_20,0.18,Bombus impatiens worker,,ChipBailey,0,0,0,0,0,0,0,0,0,0,0,0,0,0,0,0,0,0,0,0,0,0,0,0,0,0,0,0,0,0,0,0,0,0,0,0,0,0,0,0,0,0,0.01,0,0,0,0,0,0,0,0,0,0,0,0,0,0,0,0,0,0,0,0,0,0,0,0,0,0,0,0,0,0,0,0,2,0,0,0.2,0,0,0,0,0,2.2,0,0,0,0,0,0,0,4,4.5
2020nov10_USDA_fungicides_2019_sample_116,Honeybee worker_10,0.078,Apis mellifera worker,,ChipBailey,0,0,0,0,57,0,0,83.2,0,0,0,0,0,0,0,0,0,0,0,0,0,0,32,0,0,0,0,0,0,0,0,0,0,0,0,0,0.06,0,0,0,0,0,0.01,0,0,0,0,0,0,0,0,0,0,0,0,0,0,0,0,13.2,0,0,0,0,0,0,0,0,0,0,0,0,0,0,0,1.6,0,0,0.6,0,0,0,0,0,138.7,0,0,0,0,0,0,0,9,326.4
2020nov10_USDA_fungicides_2019_sample_159,Large Andrena_35,0.092,Andrena (Melandrena),CB531.CUAM1,ChipBailey,0,0,0,0,0.04,0,0,0,0,0,0,0,0,0,0,0,0,0,0,0,0,0.04,0,0,0.01,0,0,0,0,0,0,0,0,0,0,0,0,0,0,0,0,0,0.6,0,0,0,0,0,0,0,0,0.14,0,0,0,0,0,0,0,2.9,0,0,0,0.04,0,0,0,0,0,0,0,0,0,0,0,5.7,0,0,0.01,0,0,0,0,0,13.4,0,0,0,0,0,0,0,10,22.9
2020nov10_USDA_fungicides_2019_sample_053,Wax_02,5.02,Bumble bee wax,,CUOrchard,0,0,0,0,0,0,0,0,0,0,0,0,0.3,0,0,0,0,0,0,0,0,0.5,34.4,0,0.9,0,0,0,0,0,0,0,0,0,0,0,0.6,0,0,0,0,0,104.5,0,0,0,0.1,0,0,0,0,0,0.4,0,0,0,0,2,0,0.1,0.5,0,0,0.8,0,0,0,0,0,0,0,0.5,0,0,0.2,26.5,0.2,0,2,0,0,0,0,30.1,0.5,0.7,0,0,0,0.5,0,0,21,206.4
2020nov10_USDA_fungicides_2019_sample_176,Pollen_12,3.98,Honey bee pollen,,CUOrchard,0,0,0,0,0,0,0,0,0,0,0,0,0.2,0,0,0,0,0,0,0,0,0.5,0.8,0,0.9,0,0,0,0,0,0,0,0,0,0,0,0,0,0,0,0,0,241.6,0,0,0,0,0,0,0,0,0,0,0,0,0,0,0,0,0,0,0,0,0.4,0,0,0,0,0,0,0,0,0,0,0,11.9,0,0,1.6,0,0,0,0,0,0.2,0,0,0,0,0,0,0,9,258.1
2020nov10_USDA_fungicides_2019_sample_196,Nectar_11,5.06,Nectar,,CUOrchard,0,0,0,0,0,0,0,0,0,0,0,0,0.1,0,0,0,0,0,0,0,0,0,0,0,0,0,0,0,0,0,0,0,0,0,0,0,0,0,0,0,0,0,0.3,0,0,0,0,0,0,0,0,0,0,0,0,0,0,0,0,0,0,0,0,0,0,0,0,0,0,0,0,0,0,0,0,0.5,0,0,0,0,0,0,0,0,0,0,0,0,0,0,0,0,3,0.9
2020nov10_USDA_fungicides_2019_sample_213,Apple flower_07,0.9,Apple flower,,CUOrchard,0,0,0,0.2,0,0,0,0,0,0,0,0,0,0,0,0,0,0,0,0,0,0.5,0,0,3,0,0,0,0,0,0,0,0,0,0,0,0,0,0,0,0,0,919.1,0,0,0,0.2,0,0,0,0,0,0,0,0,0,0,0,0,0,0,0,0,0.5,0,0,0,0,0,0,0,0,0,0,0,433.3,0.2,0,7.5,0,0,0,0,0,0,0,0,0,0,0,0,0,9,1364.5
2020nov10_USDA_fungicides_2019_sample_214,Apple flower_08,1.03,Apple flower,,CUOrchard,0,0,0,0,0,0,0,0,0,0,0,0,0,0,0,0,0,0,0,0,0,0.5,0,0,1.7,0,0,0,0,0,0,0,0,0,0,0,0,0,0,0,0,0,865,0,0,0,0,0,0,0,0,0,0,0,0,0,0,0,0,0,0,0,0,0,0,0,0,0,0,0,0,0,0,0,0,480.7,0.2,0,8,0,0,0,0,0,0,0,0,0,0,0,0,0,6,1356
2020nov10_USDA_fungicides_2019_sample_259,Dandelion flower_11,1.4,Dandelion flower,,CUOrchard,0,0,0,0.2,0,0,0,0,0,0,0,0,0,0,0,0,0,0,0,0,0,0,0,0,0.2,0,0,0,0,0,0,0,0,0,0,0,0,0,0,0,0,0,51.7,0,0,0,0,0,0,0,0,0,0,0,0,0,0,0,0,0,0,0,0,0,0,0,0,0,0,0,0,0,0,0,0,17.5,0,0,0,0,0,0,0,0,0.2,0,0,0,0,0,0,0,5,69.8
2020nov10_USDA_fungicides_2019_sample_260,Dandelion flower_12,1.05,Dandelion flower,,CUOrchard,0,0,0,0.2,0,0,0,0,0,0,0,0,0,0,0,0,0,0,0,0,0,0,0,0,0.2,0,0,0,0,0,0,0,0,0,0,0,0,0,0,0,0,0,19.9,0,0,0,0,0,0,0,0,0,0,0,0,0,0,0,0,0,0,0,0,0,0,0,0,0,0,0,0,0,0,0,0,4.6,0,0,0,0,0,0,0,0,0.2,0,0,0,0,0,0,0,5,25.1
2020nov10_USDA_fungicides_2019_sample_026,Mason bee pollen_10,0.509,Mason bee pollen provision,,CUOrchard,0,0,0,0,0.3,0,0,0,0,0,0,0,0,0,0,0,0,0,0,0,0,0,39.9,0,0.5,0,0,0,0,0,0,0,0,0,0,0,0,0,0,0,0,0,4.5,0,0,0,0,0,0,0,0,0,0,0,0,0,0,0,0,0,0,0,0,1.3,0,0,0,0,0,0,0,0,0,0,0,2.4,0,0,0.01,0,0,0,0,1.8,0,0,0,0,0,0,0,0,8,50.7
2020nov10_USDA_fungicides_2019_sample_039,Bumblebee Queen_05,0.761,Bombus impatiens queen,CU520.CUBI1,CUOrchard,0,0,0,0,0,0,0,0,0,0,0,0,0,0,0,0,0,0,0,0,0,0,0,0,0.1,0,0,0,0,0,0,0,0,0,0,0,0.7,0,0,0,0,0,0.5,0,0,0,0,0,0,0,0,0.14,0,0,0,0,0,0,0,0,0,0,0,0,0,0,0,0,0,0,0,0,0,0,0,2.2,0,0,0.3,0,0,0,0,0,0.3,0,0,0,0,0,0,0,7,4.3
2020nov10_USDA_fungicides_2019_sample_077,Xylocopa_05,0.429,Xylocopa virginica,CU520.PKXV1,CUOrchard,0,0,0,0.1,0,0,0,0,0,0,0,0,0,0,0,0,0,0,0,0,0,0,0,0,0.1,0,0,1.5,0,0,0,0,0,0,0,0,0.06,0,0,0,0,0,6.2,0,0.7,0,0.01,0,0,0,0,0.14,0,0,0,0,0,0,0,0,0,0,0.07,0,0,0,0,0,0,0,0,0,0,0,0,10.9,0,0,0.7,0,0,0,0,0,1.9,0,0,0,0,0,0,0,12,22.5
2020nov10_USDA_fungicides_2019_sample_089,Bumblebee worker_04,0.12,Bombus impatiens worker,,CUOrchard,0,0,0,0,0,0,0,0,0,0,0,0,0,0,0,0,0,0,0,0,0,0,0.06,0,0,0,0,0,0,0,0,0,0,0,0,0,0,0,0,0,0,0,0.9,0,0,0,0,0,0,0,0,0,0,0,0,0,0,0,0,0,0,0,0,0,0,0,0,0,0,0,0,0,0,0,0,0.04,0,0,0,0,0,0,0,0.21,0,0,0,0,0,0,0,0,4,1.2
2020nov10_USDA_fungicides_2019_sample_117,Honeybee worker_11,0.083,Apis mellifera worker,,CUOrchard,0,0,0,0,9.3,0,0,0,0,0,0,0,0,0,0,0,0,0,0,0,0,0,0.06,0,0,0,0,0,0,0,0,0,0,0,0,0,0,0,0,0,0,0,0,0,0,0,0,0,0,0,0,0,0,0,0,0,0,0,0,0,0,0,0,0,0,0,0,0,0,0,0,0,0,0,0,0,0,0,0,0,0,0,0,0,0,0,0,0,0,0,0,0,2,9.4
2020nov10_USDA_fungicides_2019_sample_133,Small Andrena_10,0.047,Andrena sp.,CU515.PMAS1,CUOrchard,0,0,0,0,0,0,0,0,0,0,0,0,0,0,0,0,0,0,0,0,0,0,0,0,0,0,0,0,0,0,0,0,0,0,0,0,0,0,0,0,0,0,1,0,0,0,0,0,0,0,0,0,0,0,0,0,0,0,0,0,0,0,0,0,0,0,0,0,0,0,0,0,0,0,0,5.8,0,0,0,0,0,0,0,0,0,0,0,0,0,0,0,0,2,6.8
2020nov10_USDA_fungicides_2019_sample_152,Large Andrena_28,0.095,Andrena (Melandrena),CU515.PKAM2,CUOrchard,0,0,0,0,0,0,0,0,0,0,0,0,0,0,0,0,0,0,0,0,0,0,0,0,0,0,0,0,0,0,0,0,0,0,0,0,0,0,0,0,0,0,0.01,0,0,0,0,0,0,0,0,0,0,0,0,0,0,0,0,0,0,0,0,0,0,0,0,0,0,0,0,0,0,0,0,1.6,0,0,0,0,0,0,0,0,0,0,0,0,0,0,0,0,2,1.6
2020nov10_USDA_fungicides_2019_sample_052,Wax_01,5.02,Bumble bee wax,,CULansing,0,0,0,0,0,0,0,0,0,0,0,0,0.2,0,0,0,0,0,0,0,0,0.5,4000,0,0.8,0,0,0,0,0,0,0,0,0,0,0,1.2,0,0,0,0,0,51.7,0,0,0,0.2,0,0,0,0,0,0.4,0,0,0,0,0,0,0.1,0.6,0,0,1.1,0,0,0,2,0,0,0,0.5,0,0,0.2,557.6,0.2,0,2.1,0,0,0,0,18.4,0.7,0.9,0,0,0,0,0,0,20,4639.4
2020nov10_USDA_fungicides_2019_sample_168,Pollen_04,3.85,Honey bee pollen,,CULansing,0,0,0,0,0,0,0,0,0,0,0,0,0.7,0,0,0,0,0,0,0,0,1.1,1,0,0.9,0,0,0,0,0,0,0,0,0,0,0,0.8,0,0,0,0,0,1000,0,0,0,0,0,0,0,0,0,0,0,0,0,0,0,0,0.1,0,0,0,0.5,0,0,0,0,0,0,0,0,0,0,0,1673.1,0,0,2.7,0,0,0,0,0,0.2,0,0,0,0,0,0,0,11,2681.1
2020nov10_USDA_fungicides_2019_sample_201,Nectar_16,4.8,Nectar,,CULansing,0,0,0,0,0,0,0,0,0,0,0,0,0.2,0,0,0,0,0,0,0,0,0,0,0,0,0,0,0,0,0,0,0,0,0,0,0,0,0,0,0,0,0,0.2,0,0,0,0,0,0,0,0,0,0,0,0,0,0,0,0,0,0,0,0,0,0,0,0,0,0,0,0,0,0,0,0,0.3,0,0,0,0,0,0,0,0,0,0,0,0,0,0,0,0,3,0.7
2020nov10_USDA_fungicides_2019_sample_215,Apple flower_09,1.85,Apple flower,,CULansing,0,0,0,0,0.5,0,0,0,1.3,0,0,0,0,0,0,0,0,0,0,0,0,14.1,11.9,0,0.3,0,0,0,0,0,0,0,0,0,0,0,3.4,0,0,0,0,0,1000,0,0,0,0.2,0,0,0,20,2,0,0,0,0,0,2,0,0.7,0,0,0,0.5,0,0,0,0,0,0,0,0,0,0,0,10000,0.5,0,31.7,0,0,0,0,0,0.2,0,0,0,0,0,0,0,17,11089.3
2020nov10_USDA_fungicides_2019_sample_216,Apple flower_10,2.1,Apple flower,,CULansing,0,0,0,0,0,0,0,0,1.4,0,0.5,0,0,0,0,0,0,0,0,0,0,9.5,11,0,1.1,0,0,0,0,0,0,0,0,0,0,0,1.6,0,0,0,0,0,1000,0,0,0,0.2,0,0,0,0,2,0,0,0,0,0,0,0,0.3,0,0,0,0.5,0,0,0,0,0,0,0,0,0,0,0,10000,0.3,0,14.8,0,0,0,0,0,0.2,0,0,0,0,0,0,0,15,11043.4
2020nov10_USDA_fungicides_2019_sample_249,Dandelion flower_01,1.85,Dandelion flower,,CULansing,0,0,0,0,0,0,0,0,0,0,0,0,0,0,0,0,0,0,0,0,0,2,0,0,0.2,0,0,0,0,0,0,0,0,0,0,0,0,0,0,0,0,0,1000,0,0,0,0,0,0,0,0,0,0,0,0,0,0,0,0,0.1,0,0,0,0,0,0,0,0,0,0,0,0,0,0,0,2508.4,0,0,1.3,0,0,0,0,0,0,0,0,0,0,0,0,0,6,3512
2020nov10_USDA_fungicides_2019_sample_250,Dandelion flower_02,2.08,Dandelion flower,,CULansing,0,0,0,0,0,0,0,0,0,0,0,0,0,0,0,0,0,0,0,0,0,1,0.8,0,0,0,0,0,0,0,0,0,0,0,0,0,0,0,0,0,0,0,212.4,0,0,0,0,0,0,0,0,0,0,0,0,0,0,0,0,0,0,0,0,0,0,0,0,0,0,0,0,0,0,0,0,812.5,0,0,0.3,0,0,0,0,0,0,0,0,0,0,0,0,0,5,1027.1
2020nov10_USDA_fungicides_2019_sample_032,Mason bee pollen_16,0.498,Mason bee pollen provision,,CULansing,0,0,0,0,1.3,0.14,0,0,0,0,0,0,0.01,0,0,0,0,0,0,0,0,0,162.3,0,1.1,0,0,0,0,0,0,0,0,0,0,0,0,0,0,0,0,0,0.9,0,0,0,0,0,0,0,0,0,0,0,0,0,0,0,0,0,0,0,0,1.1,0,0,0,0,0,0,0,0,0,0,0,7.2,0,0,0.01,0,0,0,0,4,0,0,0,0,0,0,0,0,10,178.2
2020nov10_USDA_fungicides_2019_sample_035,Bumblebee Queen_01,0.556,Bombus impatiens queen,CL517.PMBI1,CULansing,0,0,0.07,0,0,0,0,0,0,0,0,0,0,0,0,0,0,0,0,0,0,0,0,0,0,0,0,0,0,0,0,0,0,0,0,0,0,0,0,0,0,0,17.8,0,0,0,0,0,0,0,0,1,0,0,0,0,0,0,0,0,0,0,0,0,0,0,0,0,0,0,0,0.04,0,0,0,143.4,0.01,0,1.4,0,0,0,0,0,0,0,0,0,0,0,0,0,7,163.7
2020nov10_USDA_fungicides_2019_sample_073,Xylocopa_01,0.509,Xylocopa virginica,CL517.PMXV1,CULansing,0,0,0,0,9.1,0,0,0,0,0,0,0,0,0,0,0,0,0,0,0,0,0,0,0,0.01,0,0,0,0,0,0,0,0,0,0,0,0,0,0,0,0,0,5.5,0,0,0,0,0,0,0,0,0,0,0,0,0,0,0,0,0,0,0,0,0,0,0,0,0,0,0,0,0,0,0,0,40.5,0,0,0.3,0,0,0,0,0,0,0,0,0,0,0,0,0,5,55.3
2020nov10_USDA_fungicides_2019_sample_091,Bumblebee worker_06,0.121,Bombus impatiens worker,,CULansing,0,0,0,0,0,0,0,0,0,0,0,0,0,0,0,0,0,0,0,0,0,0,19.7,0,0,0,0,0,0,0,0,0,0,0,0,0,0,0,0,0,0,0,0.01,0,0,0,0,0,0,0,0,0,0,0,0,0,0,0,0,0,0,0,0,0,0,0,0,0,0,0,0,0,0,0,0,2.2,0,0,0,0,0,0,0,0,0,0,0,0,0,0,0,0,3,21.9
2020nov10_USDA_fungicides_2019_sample_127,Small Andrena_04,0.021,Andrena sp.,CL517.PKAS1,CULansing,0,0,0,0,0,0,0,0,0,0,0,0,0,0,0,0,0,0,0,0,0,0,0,0,0,0,0,0,0,0,0,0,0,0,0,0,0,0,0,0,0,0,14.7,0,0,0,0,0,0,0,0,0,0,0,0,0,0,0,0,0,0,0,0,0,0,0,0,0,0,0,0,0,0,0,0,114.9,0,0,0,0,0,0,0,0,0,0,0,0,0,0,0,0,2,129.6
2020nov10_USDA_fungicides_2019_sample_162,Large Andrena_38,0.067,Andrena (Melandrena),CL517.PMAM1,CULansing,0,0,0,0,0,0,0,0,0,0,0,0,0,0,0,0,0,0,0,0,0,0,0,0,0,0,0,0,0,0,0,0,0,0,0,0,0,0,0,0,0,0,47.9,0,0,0,0.01,0,0,0,0,0,0,0,0,0,0,0,0,0,0,0,0,0,0,0,0,0,0,0,0,0,0,0,0,219.3,0,0,0.9,0,0,0,0,0,0,0,0,0,0,0,0,0,4,268.2
2020nov10_USDA_fungicides_2019_sample_054,Wax_03,5.02,Bumble bee wax,,Grisamore,0,0,0,0,0,0,0,0,0.3,0,0,0,0.2,0,0,0,0,0,0,0,0,0.3,0.8,0,0.8,0,0,0,0,0,0,0,0,0,0,0,2.4,0,0,0,0,0,52.2,0,0,0,0.6,0,0,0,20,2.7,0.4,0,0,0,0,2,0,0.1,0.6,0,622.9,1.7,0,0,0,2,0,0,0,0.3,0,0,0.2,488,0.2,0,2.3,0,0,0,0,0,10.2,0.7,0,0,0,0,0,0,24,1211.7
2020nov10_USDA_fungicides_2019_sample_165,Pollen_01,3.48,Honey bee pollen,,Grisamore,0,0,0,0,3.9,0,0,0,1.4,0,0,0,0.8,0,0,0,0,0,0,0,0,0,0,0,1,0,0,0,0,0,0,0,0,0,0,0,0,0,0,0,0,0,4.3,0,0,0,0.2,0,0,0,0,0,0,0,0,0,0,0,0,0,0,0,215,0.7,0,0,0,0,0,0,0,0,0,0,0,17.5,0,0,0.4,0,0,0,0,0,5.3,0.4,0,0,0,0,0,0,12,251.1
2020nov10_USDA_fungicides_2019_sample_186,Nectar_01,4.89,Nectar,,Grisamore,0,0,0,0,0,0,0,0,1.5,0,0,0,0.2,0,0,0,0,0,0,0,0,0,0,0,0,0,0,0,0,0,0,0,0,0,0,0,0,0,0,0,0,0,0.2,0,0,0,0,0,0,0,0,0,0,0,0,0,0,0,0,0,0,0,2.7,0,0,0,0,0,0,0,0,0,0,0,0,0.7,0,0,0,0,0,0,0,0,0,0,0,0,0,0,0,0,5,5.2
2020nov10_USDA_fungicides_2019_sample_223,Apple flower_17,1.55,Apple flower,,Grisamore,0,0,0,0.2,0,0,0,0,0,0,0,0,0,0,0,0,0,0,0,0,0,0,0,0,1.6,0,0,0,0,0,0,0,0,0,0,0,0.8,0,0,0,0,0,481.1,0,0,0,1.6,0,0,0,0,2,0,0,0,0,0,0,0,0,0,0,4155.6,1.5,0,0,0,0,0,0,0,0,0,0,0,2084.4,0,0,4.1,0,0,0,0,0,133.9,0,0,0,0,0,0,0,11,6866.8
2020nov10_USDA_fungicides_2019_sample_224,Apple flower_18,1.34,Apple flower,,Grisamore,0,0,0,0.2,0,0,0,0,0,0,0,0,0,0,0,0,0,0,0,0,0,0,0,0,1.7,0,0,0,0,0,0,0,0,0,0,0,0.8,0,0,0,0,0,607.5,0,0,0,2.2,0,0,0,0,0,0,0,0,0,0,0,0,0,0,0,5251.5,1.5,0,0,0,0,0,0,0,0,0,0,0,2899.5,0,0,4.8,0,0,0,0,0,205.4,0,0,0,0,0,0,0,10,8975
2020nov10_USDA_fungicides_2019_sample_280,Dandelion flower_31,1.87,Dandelion flower,,Grisamore,0,0,0,0.2,0,0,0,0,0,0,0,0,0,0,0,0,0,0,0,0,0,0,0,0,0.7,0,0,0,0,0,0,0,0,0,0,0,0.8,0,0,0,0,0,32.7,0,0,0,0.2,0,0,0,0,0,0,0,0,0,0,0,0,0,0,0,561.4,0.5,0,0,0,0,0,0,0,0,0,0,0,99,0,0,0.2,0,0,0,0,0,6.3,0,0,0,0,0,0,0,10,702
2020nov10_USDA_fungicides_2019_sample_281,Dandelion flower_32,1.02,Dandelion flower,,Grisamore,0,0,0,0.2,0,0,0,0,0,0,0,0,0,0,0,0,0,0,0,0,0,0,0,0,0.9,0,0,0,0,0,0,0,0,0,0,0,0.8,0,0,0,0,0,46.3,0,0,0,0,0,0,0,0,0,0,0,0,0,0,0,0,0,0,0,908,0.5,0,0,0,0,0,0,0,0,0,0,0,81.6,0,0,0,0,0,0,0,0,2.8,0,0,0,0,0,0,0,8,1041.2
2020nov10_USDA_fungicides_2019_sample_046,Bumblebee Queen_12,0.618,Bombus impatiens queen,G520.TSBI1,Grisamore,0,0,0,0,0,0,0,0,0,0,0,0,0,0,0,0,0,0,0,0,0,0,0,0,0.1,0,0,0,0,0,0,0,0,0,0,0,0,0,0,0,0,0,3.3,0,0,0,0,0,0,0,0,0,0,0,0,0,0,0,0,0,0,0,32.9,0.04,0,0,0,0,0,0,0,0,0,0,0,10.6,0,0,0.01,0,0,0,0,0,0.2,0,0,0,0,0,0,0,7,47.1
2020nov10_USDA_fungicides_2019_sample_083,Xylocopa_11,0.406,Xylocopa virginica,G520.NBXV1,Grisamore,0,0,0,0.01,0,0,0,0,0,0,0,0,0,0,0,0,0,0,0,0,0,0,1.6,0,0.01,0,0,0,0,0,0,0,0,0,0,0,0,0,0,0,0,0,3.9,0,0,0,0,0,0,0,0,0,0,0,0,0,0,0,0,0,0,0,89.2,0.04,0,0,0,0,0,0,0,0,0,0,0,39.4,0,0,0.5,0,0,0,0,0,1.1,0,0,0,0,0,0,0,9,135.8
2020nov10_USDA_fungicides_2019_sample_090,Bumblebee worker_05,0.143,Bombus impatiens worker,,Grisamore,0,0,0,0,0,0,0,0,0,0,0,0,0,0,0,0,0,0,0,0,0,0,0,0,0,0,0,0,0,0,0,0,0,0,0,0,0,0,0,0,0,0,0.7,0,0,0,0,0,0,0,0,0,0,0,0,0,0,0,0,0,0,0,2.7,0,0,0,0,0,0,0,0,0,0,0,0,4.5,0,0,0,0,0,0,0,0,0,0,0,0,0,0,0,0,3,7.8
2020nov10_USDA_fungicides_2019_sample_129,Small Andrena_06,0.029,Andrena sp.,G520.NBAS3,Grisamore,0,0,0,0,0,0,0,0,0,0,0,0,0,0,0,0,0,0,0,0,0,0,0,0,0.01,0,0,0,0,0,0,0,0,0,0,0,0,0,0,0,0,0,0.01,0,0,0,0,0,0,0,0,0,0,0,0,0,0,0,0,0,0,0,0,0,0,0,0,0,0,0,0,0,0,0,0,4.7,0,0,0,0,0,0,0,0,10.1,0,0,0,0,0,0,0,4,14.8
2020nov10_USDA_fungicides_2019_sample_151,Large Andrena_27,0.091,Andrena (Melandrena),G520.NBAM1,Grisamore,0,0,0,0,0,0,0,0,0,0,0,0,0,0,0,0,0,0,0,0,0,0,0,0,3.9,0,0,0,0,0,0,0,0,0,0,0,0,0,0,0,0,0,1.2,0,0,0,0,0,0,0,0,0,0,0,0,0,0,0,0,0,0,0,21.1,0,0,0,0,0,0,0,0,0,0,0,0,7.8,0,0,0,0,0,0,0,0,0.01,0,0,0,0,0,0,0,5,34
2020nov10_USDA_fungicides_2019_sample_061,Wax_10,4.99,Bumble bee wax,,IndianCreek,0,0,0,0,0,0,0,0,0,0,0,0,0.2,0,0,0,0,0,0,0,0,0.5,2.7,0,0.5,0,0,0,0,0,0,0,0,0,0,0,1,0,0,0,0,0,1.5,0,0,0,0.4,0,0,0,0,51.8,0.3,0,0,0,0,0,0,0.1,0.6,0,0,0.6,0,0,0,0,0,0,0,0,0,0,0.3,11.6,0,0,89.4,0,0,0,0,4.7,0.4,0.3,0,0,0,0,0,0,18,167.1
2020nov10_USDA_fungicides_2019_sample_175,Pollen_11,3.96,Honey bee pollen,,IndianCreek,0,0,0,0,0,0,0,0,0,0,0,0,1.2,0,0,0.5,0,0,0,0,0,0,0.8,0,2.9,0,0,0,0,0,0,0,0,0,0,0,0,0,0,0,0,0,2.8,0,0,0,0.7,0,0,0,0,87.8,0,0,0.2,0,0,0,0,0,0,0,0,0.6,0,0,0,0,0,0,0,0,0,0,0,16.2,0,0,83.6,0,0,0,0,0,0.2,0,0,0,37.1,0,0,0,13,234.5
2020nov10_USDA_fungicides_2019_sample_190,Nectar_05,3.98,Nectar,,IndianCreek,0,0,0,0,0,0,0,0,0,0,0,0,0.4,0,0,0,0,0,0,0,0,0,0,0,0,0,0,0,0,0,0,0,0,0,0,0,0,0,0,0,0,0,0,0,0,0,0,0,0,0,0,2,0,0,0,0,0,0,0,0,0,0,0,0,0,0,0,0,0,0,0,0,0,0,0,0,0,0,0.8,0,0,0,0,0,0,0,0,0,0,0,0,0,3,3.3
2020nov10_USDA_fungicides_2019_sample_242,Apple flower_35,1.82,Apple flower,,IndianCreek,0,0,0,0,37.8,2,0,0,0,0,0,0,0,0,0,0,0,0,0,0,0,3.4,0,0,0.6,0,0,0,0,0,0,0,0,0,0,0,0,0,0,0,0,0,1.6,0,0,0,0,0,0,0,0,0,0,0,0,0,0,0,0,0.1,0,0,0,0.5,0,0,0,0,0,0,0,0,0,0,0,5.5,0,0,0.2,0,0,0,0,0,0.6,0,0,0,0,0,0,0,10,52.3
2020nov10_USDA_fungicides_2019_sample_243,Apple flower_36,1.57,Apple flower,,IndianCreek,0,0,0,0,0,0,0,0,0,0,0,0,0,0,0,0,0,0,0,0,0,0,0,0,0.6,0,0,0,0,0,0,0,0,0,0,0,0,0,0,0,0,0,1.3,0,0,0,6.1,0,0,0,0,6276.5,0,0,0,0,0,0,0,0,0,0,1,0,0,0,0,2,0,0,0,0,0,0,0,12.3,0,0,4000,0,0,0,0,0,0.2,0,0,0,30,0,0,0,10,10330.1
2020nov10_USDA_fungicides_2019_sample_253,Dandelion flower_05,2.1,Dandelion flower,,IndianCreek,0,0,0,0,0,0,0,0,0,0,0,0,0,0,0,0,0,0,0,0,0,0,0,0,0.4,0,0,0,0,0,0,0,0,0,0,0,0,0,0,0,0,0,0.4,0,0,0,0.5,0,0,0,0,1994.3,0,0,0,0,0,0,0,0,0,0,0,0,0,0,0,0,0,0,0,0,0,0,0,3.6,0,0,1468.7,0,0,0,0,0,0.2,0,0,0,0,0,0,0,7,3468.2
2020nov10_USDA_fungicides_2019_sample_254,Dandelion flower_06,2.07,Dandelion flower,,IndianCreek,0,0,0,0,0,0,0,0,0,0,0,0,0,0,0,0,0,0,0,0,0,0,0,0,0,0,0,0,0,0,0,0,0,0,0,0,0,0,0,0,0,0,0.2,0,0,0,0.2,0,0,0,0,847.4,0,0,0,0,0,0,0,0,0,0,0,0,0,0,0,0,0,0,0,0,0,0,0,1.8,0,0,628,0,0,0,0,0,0,0,0,0,0,0,0,0,5,1477.5
2020nov10_USDA_fungicides_2019_sample_029,Mason bee pollen_13,0.508,Mason bee pollen provision,,IndianCreek,0,0,0,0,0.04,0,0,0.5,0,0,0,0,0.01,0,0,0,0,0,0,0,0,0,0,0,0.1,0,0,0,0,0,0,0,0,0,0,0,0,0,0,0,0,0.21,0.2,0,0,0,0,0,0,0,0,0.14,0,0,0,0,0,0,0,0,0,0,0,0.6,0,0,0,0,0,0,0,0,0,0,0,0.5,0,0,0.4,0,0,0,0,0,0,0,0,0,0,0,0,0,10,2.7
2020nov10_USDA_fungicides_2019_sample_042,Bumblebee Queen_08,0.59,Bombus impatiens queen,IC516.SMBI1,IndianCreek,0,0,0,0,0,0,0,0.07,0,0,0,0,0,0,0,0,0,0,0,0,0,0,0,0,0.01,0,0,0,0,0,0,0,0,0,0,0,0,0,0,0,0,0,0.2,0,0,0,0.2,0,0,0,0,184.2,0,0,0,0,0,0,0,0,0,0,0,0,0,0,0,0,0,0,0,0,0,0,0,0.5,0,0,241.9,0,0,0,0,0,0,0,0,0,2.1,0,0,0,8,429.1
2020nov10_USDA_fungicides_2019_sample_080,Xylocopa_08,0.462,Xylocopa virginica,IC516.SMXV1,IndianCreek,0,0,0,0,4.1,0,0,0.07,0,0,0,0,0,0,0,0,0,0,0,0,0,0,0,0,0.8,0,0,0,0,0,0,0,0,0,0,0,0,0,0,0,0,0,0,0,0,0,0,0,0,0,0,8.1,0,0,0,0,0,0,0,0,0,0,0,0,0,0,0,0,0,0,0,0,0,0,0,0.2,0,0,11.3,0,0,0,0,0,0,0,0,0,0,0,0,0,6,24.5
2020nov10_USDA_fungicides_2019_sample_094,Bumblebee worker_09,0.137,Bombus impatiens worker,,IndianCreek,0,0,0,0,0,0,0,0,0,0,0,0,0,0,0,0,0,0,0,0,0,0,0.06,0,0,0,0,0,0,0,0,0,0,0,0,0,0,0,0,0,0,0,0.01,0,0,0,0,0,0,0,0,0,0,0,0,0,0,0,0,0,0,0,0,0,0,0,0,0,0,0,0,0,0,0,0,0,0,0,0.4,0,0,0,0,0,0,0,0,0,0,0,0,0,3,0.5
2020nov10_USDA_fungicides_2019_sample_121,Honeybee worker_15,0.075,Apis mellifera worker,,IndianCreek,0,0,0,0,0.04,0,0,0,0,0,0,0,0,0,0,0,0,0,0,0,0,0,21.7,0,0,0,0,0,0,0,0,0,0,0,0,0,0,0,0,0,0,0,0,0,0,0,0,0,0,0,0,0,0,0,0,0,0,0,0,0,0,0,0,0,0,0,0,0,0,0,0,0,0,0,0,0.04,0,0,0.6,0,0,0,0,8.5,0,0,0,0,0,0,0,0,5,30.8
2020nov10_USDA_fungicides_2019_sample_125,Small Andrena_02,0.021,Andrena sp.,IC516.PMAS1,IndianCreek,0,0,0,0,0,0,0,0,0,0,0,0,0,0,0,0,0,0,0,0,0,0,0,0,0,0,0,0,0,0,0,0,0,0,0,0,0,0,0,0,0,0,0,0,0,0,0,0,0,0,0,103,0,0,0,0,0,0,0,0,0,0,0,0,0,0,0,0,0,0,0,0,0,0,0,0,0,0,151,0,0,0,0,0,0,0,0,0,0,0,0,0,2,253.9
2020nov10_USDA_fungicides_2019_sample_155,Large Andrena_31,0.084,Andrena (Melandrena),IC516.PKAM1,IndianCreek,0,0,0,0,0,0,0,0,0,0,0,0,0,0,0,0,0,0,0,0,0,0,0,0,0,0,0,0,0,0,0,0,0,0,0,0,0,0,0,0,0,0,0,0,0,0,0.7,0,0,0,0,146,0,0,0,0,0,0,0,0,0,0,0,0,0,0,0,0,0,0,0,0,0,0,0,0,0,0,142.8,0,0,0,0,0,0,0,0,0,0,0,0,0,3,289.6
2020nov10_USDA_fungicides_2019_sample_070,Wax_19,5.05,Bumble bee wax,,LM2,0,0,0,0,0,0,0,0,0,0,0,0,0.3,0,0,0,0,0,0,0,0,0.3,0,0,0.1,10,0,0,0,0,0,0,0,0,0,0,0.8,0,0,0,0,0,0.2,0,0,0,0.1,0,0,0,0,0,0.4,0,0,0,0,0,0,0.1,0.3,0,0,0.3,0,0,0,0,0,0,0,0,0,0,0.1,2,0,0,1.6,0,0,0,0,0,0.8,1.1,0,0,0,0,0,0,16,18.8
2020nov10_USDA_fungicides_2019_sample_178,Pollen_14,3.99,Honey bee pollen,,LM2,0,0,0,0,0.5,0,0,1,1.6,0,0,0,2.9,0,0,0,0,0,0,0,0,9.2,0,0,1.7,19.1,0,2,0,0,0,0,0,0,0,0,0.8,0,0,0,0,0,149.8,0,0,0,0,0,0,0,0,171.5,0,0,0,0,0,0,0,0.6,0,0,10000,0.9,0,0,0,0,0,0,0,0,0,0,0,606.1,0,0,9,0,0,0,0,0,29.2,0,0,0,152.6,0,0,0,18,11158.6
2020nov10_USDA_fungicides_2019_sample_205,Nectar_20,5.03,Nectar,,LM2,0,0,0,0,0,0,0,1,0,0,0,0,1.5,0,0,0,0,0,0,0,0,1,0,0,0,0,0,0,0,0,0,0,0,0,0,0,0,0,0,0,0,0,2.9,0,0,0,0,0,0,0,0,0,0,0,0,0,0,0,0,0,0,0,0,0,0,0,0,0,0,0,0,0,0,0,0,1.2,0,0,0,0,0,0,0,0,0.2,0,0,0,0,0,0,0,6,7.8
2020nov10_USDA_fungicides_2019_sample_225,Apple flower_19,1.57,Apple flower,,LM2,0,0,0,0.2,0,0,0,0,0,0,0,0,0,0,0,0,0,0,0,0,0,3.8,0,0,1.4,0,0,0,0,0,0,0,0,0,0,0,0,0,0,0,0,0,337.9,0,0,0,0,0,0,0,0,7.8,0,0,0,0,0,0,0,0.1,0,0,1,0.5,0,0,0,0,0,0,0,0,0,0,0,940.4,0,0,0.5,0,0,0,0,0,0.2,0,0,0,0,0,0,0,11,1293.9
2020nov10_USDA_fungicides_2019_sample_226,Apple flower_20,1.25,Apple flower,,LM2,0,0,0,0,0,0,0,0,0,0,0,0,0,0,0,0,0,0,0,0,0,3.9,0,0,1.4,0,0,0,0,0,0,0,0,0,0,0,0.8,0,0,0,0,0,568.8,0,0,0,0,0,0,0,0,14.4,0,0,0,0,0,0,0,0.1,0,0,1,0.5,0,0,0,0,0,0,0,0,0,0,0,1826.8,0,0,1.1,0,0,0,0,0,0.2,0,0,0,0,0,0,0,11,2419
2020nov10_USDA_fungicides_2019_sample_286,Dandelion flower_37,1.85,Dandelion flower,,LM2,0,0,0,0,0,0,0,0,0,0,0,0,0,0,0,0,0,0,0,0,0,0.5,0,0,0.2,0,0,0,0,0,0,0,0,0,0,0,0,0,0,0,0,0,29.2,0,0,0,0.2,0,0,0,0,2,0,0,0,0,0,0,0,0,0,0,0,0,0,0,0,0,0,0,0,0,0,0,0,55.9,0,0,0,0,0,0,0,0,0,0,0,0,0,0,0,0,6,88
2020nov10_USDA_fungicides_2019_sample_287,Dandelion flower_38,1.69,Dandelion flower,,LM2,0,0,0,0,0,0,0,0,0,0,0,0,0,0,0,0,0,0,0,0,0,0.5,0,0,0.6,0,0,0,0,0,0,0,0,0,0,0,0.8,0,0,0,0,0,31.5,0,0,0,0.2,0,0,0,0,2,0,0,0,0,0,0,0,0,0,0,0,0.5,0,0,0,0,0,0,0,0,0,0,0,61.2,0,0,0.2,0,0,0,0,0,0,0,0,0,0,0,0,0,9,97.5
2020nov10_USDA_fungicides_2019_sample_018,Mason bee pollen_02,0.505,Mason bee pollen provision,,LM2,0,0,0,0,4.4,0,0,0,0,0,0,0,0.01,0,0,0,0,0,0,0,0,0.8,0,0,0.3,0,0,0.9,0,0,0,0,0,0,0,0,0.06,0,0,0,0,0,70,0,0,0,0.01,0,0,0,0,235.7,0,0,0,0,0,0,0,0.1,0,0,12.7,1.3,0,0,0,0,0,0,0,0,0,0,0,798.6,0,0,173.3,0,0,0,0,0,0.5,0,0,0,0,0,0,0,15,1298.8
2020nov10_USDA_fungicides_2019_sample_084,Xylocopa_12,0.495,Xylocopa virginica,X522.CUXV1,LM2,0,0,0,0.3,0,0,0,0,0,0,0,0,0,0,0,0,0,0,0,0,0,0,0.06,0,0.01,0,0,0,0,0,0,0,0,0,0,0,0.6,0,0,0,0,0,1.1,0,0.7,0,0,0,0,0,0,4.4,0,0,0,0,0,0,0,0.01,0,0,2.2,0,0,0,0,0,0,0,0,0,0,0,0,12.4,0,0,0.2,0,0,0,0,0,1.5,0,0,0,0,0,0,0,12,23.5
2020nov10_USDA_fungicides_2019_sample_102,Bumblebee worker_17,0.086,Bombus impatiens worker,,LM2,0,0,0,0,5.4,0,0,0,0,0,0,0,0,0,0,0,0,0,0,0,0,0,0,0,0,0,0,0,0,0,0,0,0,0,0,0,0,0,0,0,0,0,0,0,0,0,0,0,0,0,0,0,0,0,0,0,0,0,0,0,0,0,0,0,0,0,0,0,0,0,0,0,0,0,0,0.04,0,0,0,0,0,0,0,0,0,0,0,0,0,0,0,0,2,5.4
2020nov10_USDA_fungicides_2019_sample_109,Honeybee worker_03,0.131,Apis mellifera worker,,LM2,0,0,0,0,0,0,0,0,0,0,0,0,0,0,0,0,0,0,0,0,0,0,0,0,0,0,0,0,0,0,0,0,0,0,0,0,0,0,0,0,0,0,1.7,0,0,0,0,0,0,0,0,0,0,0,0,0,0,0,0,0,0,0,0.07,0,0,0,0,0,0,0,0,0,0,0,0,10.8,0,0,2.4,0,0,0,0,28.4,12.5,0,0,0,0,0,0,0,6,55.8
2020nov10_USDA_fungicides_2019_sample_140,Small Andrena_17,0.023,Andrena sp.,X522.PKAS1,LM2,0,0,0,0,0,0,0,9.3,0,0,0,0,0,0,0,0,0,0,0,0,0,0,0,0,32.8,0,0,0,0,0,0,0,0,0,0,0,40.8,0,0,0,0,0,385.3,0,0,0,0,0,0,0,0,97.2,0,0,0,0,0,0,0,0,0,0,139.5,0,0,0,0,0,0,0,0,0,0,0,0,1465.9,0,0,85.8,0,0,0,0,35.1,5,0,0,0,0,0,0,0,10,2296.7
2020nov10_USDA_fungicides_2019_sample_153,Large Andrena_29,0.126,Andrena (Melandrena),X522.PKAM1,LM2,0,0,0,0,0,0,0,0,0,0,0,0,0,0,0,0,0,0,0,0,0,7.5,0,0,2.7,17.3,0,0,0,0,0,0,0,0,0,0,0,0,0,0,0,0,13.2,0,0,0,0,0,0,0,0,4,0,0,0,0,0,0,0,0.3,0,0,0,1.2,0,0,0,0,0,0,0,0,0,0,0,78.5,0,0,0.8,0,0,0,0,0,1,0,0,0,0,0,0,0,10,126.6
2020nov10_USDA_fungicides_2019_sample_065,Wax_14,5.08,Bumble bee wax,,LM3,0,0,0,0,0,0,0,0,0,0,0,0,0.3,0,0,0,0,0,0,0,0,0,0.7,0,0.4,8.4,0,0,0,0,0,0,0,0,0,0,1.3,0,0,0,0,0,29.6,0,0,0,0.2,0.2,0,0,0,151.5,0.3,0,0,0,0,2,0,0.1,0.9,0,15.2,0.8,0,0,0,0,0,0,0,0,0,0,0.4,267,0,0,210,0,0,0,0,176.5,84.1,0.4,0,0,112.7,0,0,0,22,1063
2020nov10_USDA_fungicides_2019_sample_171,Pollen_07,4,Honey bee pollen,,LM3,0,0,0,0,0.4,0,0,0,0,0,0,0,1.1,0,0,1.8,0,0,0,0,0,1.5,0.8,0,0.5,0,0,0,0,0,0,0,0,0,0,0,0,0,0,0,0,0,30.6,0,0,0,0.2,0,0,0,0,6.3,0,0,0,0,0,0,0,0.2,0,0,1,0.5,0,0,0,0,0,0,0,0,0,0,0,199.3,0,0,1.5,0,0,0,0,0,1.3,0,0,0,598.6,0,0,0,16,845.7
2020nov10_USDA_fungicides_2019_sample_199,Nectar_14,5.01,Nectar,,LM3,0,0,0,0,0,0,0,0,0,0,0,0,0.3,0,0,0,0,0,0,0,0,0,0,0,0,0,0,0,0,0,0,0,0,0,0,0,0,0,0,0,0,0,0.2,0,0,0,0,0,0,0,0,0,0,0,0,0,0,0,0,0,0,0,0,0,0,0,0,0,0,0,0,0,0,0,0,0,0,0,0,0,0,0,0,0,0,0,0,0,0,0,0,0,2,0.5
2020nov10_USDA_fungicides_2019_sample_217,Apple flower_11,1.35,Apple flower,,LM3,0,0,0,0.5,0,0,0,0,0,0,0,0,0,0,0,0,0,0,0,0,0,0,0,0,0.9,0,0,0,0,0,0,0.2,0,0,0,0,0,0,0,0,0,0,288.2,0,0,0,0,0,0,0,0,0,0,0,0,0,0,0,0,0,0,0,1,0.5,0,0,0,0,0,0,0,0,0,0,0,617.6,0,0,0.2,0,0,0,0,0,0.2,0,0,0,0,0,0,0,9,909.3
2020nov10_USDA_fungicides_2019_sample_218,Apple flower_12,1.49,Apple flower,,LM3,0,0,0,0.5,0,0,0,0,0,0,0,0,0,0,0,0,0,0,0,0,0,0.5,0,0,1.3,0,0,0,0,0,0,0,0,0,0,0,0,0,0,0,0,0,343.4,0,0,0,0,0,0,0,0,0,0,0,0,0,0,0,0,0,0,0,1,0.5,0,0,0,0,0,0,0,0,0,0,0,798.4,0,0,0,0,0,0,0,0,0.2,0,0,0,0,0,0,0,8,1145.9
2020nov10_USDA_fungicides_2019_sample_255,Dandelion flower_07,1.84,Dandelion flower,,LM3,0,0,0,0.2,0,0,0,0,0,0,0,0,0,0,0,0,0,0,0,0,0,0,0,0,0,0,0,0,0,0,0,0,0,0,0,0,0,0,0,0,0,0,23,0,0,0,0,0,0,0,0,0,0,0,0,0,0,0,0,0,0,0,0,0.5,0,0,0,0,0,0,0,0,0,0,0,39.9,0,0,0,0,0,0,0,0,0,0,0,0,0,0,0,0,4,63.7
2020nov10_USDA_fungicides_2019_sample_256,Dandelion flower_08,1.72,Dandelion flower,,LM3,0,0,0,0.4,0,0,0,0,0,0,0,0,0,0,0,0,0,0,0,0,0,0,0,0,0.5,0,0,0,0,0,0,0,0,0,0,0,0,0,0,0,0,0,17,0,0,0,0,0,0,0,0,0,0,0,0,0,0,0,0,0,0,0,0,0.5,0,0,0,0,0,0,0,0,0,0,0,41.4,0,0,0,0,0,0,0,0,0,0,0,0,0,0,0,0,5,59.8
2020nov10_USDA_fungicides_2019_sample_020,Mason bee pollen_04,0.504,Mason bee pollen provision,,LM3,0,0,0,0,0.8,0,0,0.8,0,0,0,0,0.01,0,0,0,0,0,0,0,0,0.5,11.2,0,2.2,0,0,0,0,0,0,0,0,0,0,0.01,0,0,0,0,0,0,4.5,0,0,0,0,0,0,0,0,249.5,0,0,0,0,0,1.3,0,0.1,0,0,6.5,1.4,0,0,0,0,0,0,0,0,0,0,0,24.6,0,0,194.6,0,0,0,0,80.3,43.1,0,0,0,13.2,0,0,0,18,634.5
2020nov10_USDA_fungicides_2019_sample_040,Bumblebee Queen_06,0.553,Bombus impatiens queen,Z522.CUBI1,LM3,0,0,0,0,0,0,0,0,0,0,0,0,0,0,0,0,0,0,0,0,0,0,0,0,0.6,0,0,0,0,0,0,0,0,0,0,0,0,0,0,0,0,0,1,0,0,0,0,0,0,0,0,3,0,0,0,0,0,0,0,0,0,0,0.07,0,0,0,0,0,0,0,0,0,0,0,0,10.5,0,0,0.1,0,0,0,0,0,1.2,0,0,0,0,0,0,0,7,16.6
2020nov10_USDA_fungicides_2019_sample_078,Xylocopa_06,0.432,Xylocopa virginica,Z522.PMXV1,LM3,0,0,0,0,0,0,0,0,0,0,0,0,0,0,0,0,0,0,0,0,0,0,0.4,0,0.01,0,0,0,0,0,0,0,0,0,0,0,0.06,0,0,0,0,0,2.2,0,0,0,0,0,0,0,0,0,0,0,0,0,0,0,0,0,0,0,1.2,0,0,0,0,0,0,0,0,0,0,0,0,13.2,0.01,0,0.01,0,0,0,0,0,0.3,0,0,0,2.1,0,0,0,10,19.6
2020nov10_USDA_fungicides_2019_sample_098,Bumblebee worker_13,0.121,Bombus impatiens worker,,LM3,0,0,0,0,0,0,0,0,0,0,0,0,0,0,0,0,0,0,0,0,0,0,0,0,0,0,0,0,0,0,0,0,0,0,0,0,0,0,0,0,0,0,0.01,0,0,0,0,0,0,0,0,0,0,0,0,0,0,0,0,0,0,0,0,0,0,0,0,0,0,0,0,0,0,0,0,2.3,0,0,0.7,0,0,0,0,0,0.6,0,0,0,0,0,0,0,4,3.6
2020nov10_USDA_fungicides_2019_sample_114,Honeybee worker_08,0.148,Apis mellifera worker,,LM3,0,0,0,0,22.7,0,0,0,0,0,0,0,0,0,0,0,0,0,0,0,0,0,0,0,0.01,0,0,0,0,0,0,0,0,0,0,0,0,0,0,0,0,0,6.6,0,0,0,0,0,0,0,0,0,0,0,0,0,0,0,0,0,0,0,0,0,0,0,0,0,0,0,0,0,0,0,0,18.8,0,0,1.8,0,0,0,0,65.3,24.9,0,0,0,2.1,0,0,0,8,142.3
2020nov10_USDA_fungicides_2019_sample_136,Small Andrena_13,0.042,Andrena sp.,Z522.SMAS1,LM3,0,0,0,0,0,0,0,0,0,0,0,0,0,0,0,0,0,0,0,0,0,0,0,0,0,0,0,0,0,0,0,0,0,0,0,0,0,0,0,0,0,0,1.8,0,0,0,0,0,0,0,0,0,0,0,0,0,0,0,0,0,0,0,0,0,0,0,0,0,0,0,0,0,0,0,0,13.1,0,0,0,0,0,0,0,0,0,0,0,0,0,0,0,0,2,14.9
2020nov10_USDA_fungicides_2019_sample_147,Large Andrena_23,0.13,Andrena (Melandrena),Z522.SMAM2,LM3,0,0,0,0,0,0,0,0,0,0,0,0,0,0,0,0,0,0,0,0,0,0,0,0,0.01,0,0,0,0,0,0,0,0,0,0,0,2,0,0,0,0,0,8.6,0,0,0,0,0,0,0,0,0.14,0,0,0,0,0,0,0,0,0,0,0,0.04,0,0,0,0,0,0,0,0,0,0,0,45.8,0,0,0.6,0,0,0,0,0,0.01,0,0,0,0,0,0,0,8,57.2
2020nov10_USDA_fungicides_2019_sample_069,Wax_18,5.02,Bumble bee wax,,LakeBreeze,0,0,0,0,0,0,0,0,0,0,0,0,0.4,0,0,0,0,0,0,0,0,0.3,0,0,0.2,291.7,0,0,0,0,0,0,0,0,0,0,1,0,0,0,0,0,8.7,0,0,0,0.1,0,0,0,0,12.1,0.3,0,0,0,0,2,0,0.9,0.8,0,1,0.6,0,0,0,0,0,0,0,0,0,0,0.2,101,0.1,0,15.5,0,0,0,0,0,13.7,0.6,0,1,30,0,0,0,22,482.2
2020nov10_USDA_fungicides_2019_sample_172,Pollen_08,4.03,Honey bee pollen,,LakeBreeze,0,0,0,0,0,0,0,1,0,0,0,0,0.2,0,0,0.5,0,0,0,0,0,2.1,0,0,1.4,523.7,0,2,0,0,0,0,0,0,0,0,2.9,0,0,0,0,0,172.4,0,0,0,0,0,0,0,0,67.3,0,0,0,0,0,0,0,0.2,1.4,0,1.3,2.4,0,0,0,0,0,0,0,0,0,0,0,1026.3,0.2,0,62.3,0,0,0,0,0,1.7,0,0,0,107.9,0,0,0,19,1977.2
2020nov10_USDA_fungicides_2019_sample_189,Nectar_04,5,Nectar,,LakeBreeze,0,0,0,0,0,0,0,0,0,0,0,0,0.4,0,0,0,0,0,0,0,0,0,0,0,0,45.9,0,0,0,0,0,0,0,0,0,0,0,0,0,0,0,0,0.2,0,0,0,0.3,0,0,0,0,0,0,0,0,0,0,0,0,0,0,0,0,0,0,0,0,0,0,0,0,0,0,0,0,0.5,0,0,0.4,0,0,0,0,0,0,0,0,0,0,0,0,0,6,47.6
2020nov10_USDA_fungicides_2019_sample_236,Apple flower_29,1.54,Apple flower,,LakeBreeze,0,0,0,0,0,0,0,0,0,0,0,0,0,0,0,0,0,0,0,0,0,2.2,0,0,1.7,10,0,0,0,0,0,0,0,0,0,0,2,0,0,0,0,0,1000,0,0,0,0.2,0,0,0,0,0,0,0,0,0,0,0,0,0.1,0,0,7.2,6.4,0,0,0,0,0,0,0,0,0,0,0,10000,0.2,0,0.5,0,0,0,0,0,0.6,0,0,0,0,0,0,0,13,11031
2020nov10_USDA_fungicides_2019_sample_237,Apple flower_30,1.41,Apple flower,,LakeBreeze,0,0,0,0,0,0,0,0,0,0,0,0,0,0,0,0,0,0,0,0,0,2.4,0,0,2.2,10,0,0,0,0,0,0,0,0,0,0,2.1,0,0,0,0,0,1000,0,0,0,0.2,0,0,0,0,0,0,0,0,0,0,0,0,0.1,0,0,7.8,7.1,0,0,0,0,0,0,0,0,0,0,0,10000,0,0,0.5,0,0,0,0,0,0.6,0,0,0,0,0,0,0,12,11033.1
2020nov10_USDA_fungicides_2019_sample_265,Dandelion flower_17,1.93,Dandelion flower,,LakeBreeze,0,0,0,0,0,0,0,0,0,0,0,0,0,0,0,0,0,0,0,0,0,0.5,0,0,2,10,0,0,0,0,0,0,0,0,0,0,0.8,0,0,0,0,0,1000,0,0,0,0,0,0,0,0,0,0,0,0,0,0,0,0,0.1,0,0,1,1.3,0,0,0,0,0,0,0,0,0,0,0,10000,0,0,0.2,0,0,0,0,0,0.5,0,0,0,0,0,0,0,11,11016.4
2020nov10_USDA_fungicides_2019_sample_266,Dandelion flower_18,1.88,Dandelion flower,,LakeBreeze,0,0,0,0,0,0,0,0,0,0,0,0,0,0,0,0,0,0,0,0,0,0.5,0,0,0.2,0,0,0,0,0,0,0,0,0,0,0,0.8,0,0,0,0,0,1000,0,0,0,0,0,0,0,0,0,0,0,0,0,0,0,0,0,0,0,1,1,0,0,0,0,0,0,0,0,0,0,0,3649.4,0,0,0.2,0,0,0,0,0,0,0,0,0,0,0,0,0,8,4653.1
2020nov10_USDA_fungicides_2019_sample_021,Mason bee pollen_05,0.507,Mason bee pollen provision,,LakeBreeze,0,0,0,0,2.2,0,0,0.07,0,0,0,0,0,0,0,0,0,0,0,0,0,0.04,1.2,0,2,0.7,0,0,0,0,0,0,0,0,0,0,0.6,0,0,0,0,0,115,0,0,0,0,0,0,0,0,14.8,0,0,0,0,0,0,0,1,0,0,0.4,2.4,0,0,0,0,0,0,0,0,0,0,0,670.4,0.4,0,13.7,0,0,0,0,0,12.3,0,0,0,23.5,0,0,0,17,860.8
2020nov10_USDA_fungicides_2019_sample_049,Bumblebee Queen_15,0.643,Bombus impatiens queen,LB524.CUBI1,LakeBreeze,0,0,0,0,0,0,0,0,0.3,0,0,0,0.01,0,0,0.5,0,0,0,0,0,0,0,0,0.01,56.2,0,0,0,0,0,0,0,0,0,0,0,0,0,0,0,0,4.7,0,0,0,0,0,0,0,0,19.4,0,0,0,0,0,0,0,0,0,0,0.6,0,0,0,0,0,0,0,0,0,0,0,0,90.5,0,0,16.7,0,0,0,0,0,0.1,0,0,0,2.1,0,0,0,12,191.1
2020nov10_USDA_fungicides_2019_sample_100,Bumblebee worker_15,0.094,Bombus impatiens worker,,LakeBreeze,0,0,0,0,26.9,0,0,0,0,0,0,0,0,0,0,0,0,0,0,0,0,0,0,0,0,0.7,0,0,0,0,0,0,0,0,0,0,0,0,0,0,0,0,0.01,0,0,0,0,0,0,0,0,0,0,0,0,0,0,0,0,0,0,0,0,0,0,0,0,0,0,0,0,0,0,0,0,1.7,0,0,0,0,0,0,0,0,0.6,0,0,0,0,0,0,0,5,29.8
2020nov10_USDA_fungicides_2019_sample_111,Honeybee worker_05,0.166,Apis mellifera worker,,LakeBreeze,0,0,0,0,57.2,0,0,0,0,0,0,0,0,0,0,0,0,0,0,0,0,0,0,0,0,63.6,0,0,0,0,0,0,0,0,0,0,0,0,0,0,0,0,7.2,0,0,0,0,0,0,0,0,0.14,0,0,0,0,0,0,0,0.2,0,0,0,0,0,0,0,0,0,0,0,0,0,0,0,23.8,0.8,0,2.8,0,0,0,0,0,28.8,0,0,0,2.1,0,0,0,10,186.7
2020nov10_USDA_fungicides_2019_sample_137,Small Andrena_14,0.05,Andrena sp.,LB523.NBAS1,LakeBreeze,0,0,0,0,0,0,0,0,0,0,0,0,0,0,0,0,0,0,0,0,0,0,0,0,0,924.2,0,0,0,0,0,0,0,0,0,0,0.06,0,0,0,0,0,111.8,0,0,0,0,0,0,0,0,0,0,0,0,0,0,0,0,0,0,0,0,0.04,0,0,0,0,0,0,0,0,0,0,0,407,0,0,1.8,0,0,0,0,0,0.01,0,0,0,0,0,0,0,7,1444.9
2020nov10_USDA_fungicides_2019_sample_156,Large Andrena_32,0.114,Andrena (Melandrena),LB524.PKAM2,LakeBreeze,0,0,0,0.01,0,0,0,0,0.04,0,0,0,0,0,0,0.9,0,0,0,0,0,0,0,0,0.01,49.5,0,0,0,0,0,0,0,0,0,0,0,0,0,0,0,0,6.8,0,0,0,0,0,0,0,0,0.14,0,0,0,0,0,0,0,0,0,0,1.9,0,0,0,0,0,0,0,0,0,0,0,0,33.9,0,0,1.4,0,0,0,0,0,1.8,0,0,0,0,0,0,0,11,96.4
2020nov10_USDA_fungicides_2019_sample_055,Wax_04,5,Bumble bee wax,,LittleTree,0,0,0,0,0,0,0,0,0,0,0,0,0.3,0,0,0,0,0,0,0,0,0.4,0,0,0.5,0,0,0,0,0,0,0,0,0,0,0,1.2,0,0,0,0,0,0.2,0,343.9,0,0.2,0,0,0,0,0,0.3,0,0,0,0,0,0,0.5,0.5,0,1,0.8,0,0,0,0,0,0,0,35.8,0,0,0.2,0.6,0,0,1.4,0,0,0,0,0,10.5,1.2,0,0,0,0,0,0,18,399.5
2020nov10_USDA_fungicides_2019_sample_167,Pollen_03,3.63,Honey bee pollen,,LittleTree,0,0,0,0,0,0,0,1,0,0,0,0,0.3,0,0,0.5,0,0,0,0,0,0,0.8,0,2.3,0,0,0,0,0,0,0,0,0,0,0,0,0,0,0,0,0,0,0,947.1,0,0,0,0,0,0,0,0,0,0,0,0,0,0,3.8,0,0,0,1.4,0,0,0,0,0,0,0,0,0,0,0,0.5,0,0,0.2,0,0,0,0,0,42.7,0,0,0,0,0,0,0,11,1000.6
2020nov10_USDA_fungicides_2019_sample_202,Nectar_17,5.06,Nectar,,LittleTree,0,0,0,0,0,0,0,0,0,0,0,0,0,0,0,0,0,0,0,0,0,0,0,0,0,0,0,0,0,0,0,0,0,0,0,0,0,0,0,0,0,0,0,0,0,0,0,0,0,0,0,0,0,0,0,0,0,0,0,0,0,0,0,0,0,0,0,0,0,0,0,0,0,0,0,0,0,0,0,0,0,0,0,0,0,0,0,0,0,0,0,0,0,0
2020nov10_USDA_fungicides_2019_sample_211,Apple flower_05,1.82,Apple flower,,LittleTree,0,0,0,0,0,0,0,0,0,0,0,0,0,0,0,0,0,0,0,0,0,0,0,0,1.5,0,0,0,0,0,0,0,0,0,0,0,0,0,0,0,0,0,0,0,4000,0,0.2,0,0,0,0,0,0,0,0,0,0,0,0,43.3,0,0,1,0.5,0,0,0,0,0,0,0,0,0,0,0,1.3,0,0,0,0,0,0,0,0,278.1,0,0,0,0,0,0,0,8,4325.9
2020nov10_USDA_fungicides_2019_sample_212,Apple flower_06,1.66,Apple flower,,LittleTree,0,0,0,0,0,0,0,0,0,0,0,0,0,0,0,0,0,0,0,0,0,0,0,0,0.9,0,0,0,0,0,0,0,0,0,0,0,0,0,0,0,0,0,0,0,819,0,0,0,0,0,0,0,0,0,0,0,0,0,0,28.7,0,0,1,0.5,0,0,0,0,0,0,0,0,0,0,0,0,0,0,0,0,0,0,0,0,189.7,0,0,0,0,0,0,0,6,1039.8
2020nov10_USDA_fungicides_2019_sample_267,Dandelion flower_19,1.85,Dandelion flower,,LittleTree,0,0,0,0,0,0,0,0,0,0,0,0,0,0,0,0,0,0,0,0,0,0,0,0,0.2,0,0,0,0,0,0,0,0,0,0,0,0,0,0,0,0,0,0,0,131.9,0,0,0,0,0,0,0,0,0,0,0,0,0,0,4.8,0,0,0,0,0,0,0,0,0,0,0,0,0,0,0,1.3,0,0,0,0,0,0,0,0,10,0,0,0,0,0,0,0,5,148.2
2020nov10_USDA_fungicides_2019_sample_268,Dandelion flower_20,2.19,Dandelion flower,,LittleTree,0,0,0,0,0,0,0,0,0,0,0,0,0,0,0,0,0,0,0,0,0,0,0,0,0.2,0,0,0,0,0,0,0,0,0,0,0,0,0,0,0,0,0,0,0,32.8,0,0,0,0,0,0,0,0,0,0,0,0,0,0,2.8,0,0,0,0.5,0,0,0,0,0,0,0,0,0,0,0,0.5,0,0,0,0,0,0,0,0,4.7,0,0,0,0,0,0,0,6,41.5
2020nov10_USDA_fungicides_2019_sample_030,Mason bee pollen_14,0.497,Mason bee pollen provision,,LittleTree,0,0,0,0,0.5,0,0,0,0,0,0,0,0,0,0,0,0,0,0,0,0,0,0,0,0.3,0,0,0,0,0,0,0,0,0,0,0,0.7,0,0,0,0,0,0,0,257.3,0,0,0,0,0,0,0,0,0,0,0,0,0,0,0.1,0,0,0,0.5,0,0,0,0,0,0,0,34.6,0,0,0,0,0,0,0,0,0,0,0,0,0.5,0,0,0,0,0,0,0,8,294.5
2020nov10_USDA_fungicides_2019_sample_036,Bumblebee Queen_02,0.666,Bombus impatiens queen,LT517.PMBI1,LittleTree,0,0,0,0,0,0,0,0,0,0,0,0,0,0,0,0.04,0,0,0,0,0,0,0,0,0,0,0,0,0,0,0,0,0,0,0,0,0,0,0,0,0,0,0.1,0,25.2,0,0.1,0,0,0,0,0,0,0,0,0,0,0,0,0.2,0,0,0,0,0,0,0,0,0,0,0,0,0,0,0,2.7,0,0,0.1,0,0,0,0,0,7.2,0,0,0,0,0,0,0,8,35.6
2020nov10_USDA_fungicides_2019_sample_074,Xylocopa_02,0.431,Xylocopa virginica,LT517.PKXV1,LittleTree,0,0,0,0.3,0,0,0,0,0,0,0,0,0,0,0,0,0,0,0,0,0,0,0,0,0.01,0,0,0,0,0,0,0,0,0,0,0,0,0,0,0,0,0,0.2,0,9.3,0,0,0,0,0,0,0,0,0,0,0,0,0,0,0.01,0,0,0,0,0,0,0,0,0,0,0,0,0,0,0,1.1,0,0,0.1,0,0,0,0,0,0.8,0,0,0,0,0,0,0,8,11.7
2020nov10_USDA_fungicides_2019_sample_086,Bumblebee worker_01,0.089,Bombus impatiens worker,,LittleTree,0,0,0,0,0,0,0,0,0,0,0,0,0,0,0,0,0,0,0,0,0,0,0,0,0,0,0,0,0,0,0,0,0,0,0,0,0,0,0,0,0,0,0,0,0,0,0,0,0,0,0,0,0,0,0,0,0,0,0,0,0,0,0,0,0,0,0,0,0,0,0,0,0,0,0,0,0,0,0,0,0,0,0,0,0,0,0,0,0,0,0,0,0,0
2020nov10_USDA_fungicides_2019_sample_118,Honeybee worker_12,0.085,Apis mellifera worker,,LittleTree,0,0,0,0,93.7,0,0,0,0,0,0,0,0,0,0,0,0,0,0,0,0,0,0,0,0,0,0,0,0,0,0,0,0,0,0,0,0,0,0,0,0,0,0,0,0,0,0,0,0,0,0,0,0,0,0,0,0,0,0,0,0,0,0,0,0,0,0,0,0,0,0,0,0,0,0,0,0,0,0,0,0,0,0,0,0.01,0,0,0,0,0,0,0,2,93.7
2020nov10_USDA_fungicides_2019_sample_128,Small Andrena_05,0.046,Andrena sp.,LT517.CUAS1,LittleTree,0,0,0,1.4,0,0,0,0,0,0,0,0,0,0,0,0,0,0,0,0,0,0,0,0,0,0,0,0,0,0,0,0,0,0,0,0,0,0,0,0,0,0,0,0,0.7,0,0,0,0,0,0,0,0,0,0,0,0,0,0,0,0,0,0,0,0,0,0,0,0,0,0,0,0,0,0,0.04,0,0,0,0,0,0,0,0,4.2,0,0,0,0,0,0,0,4,6.4
2020nov10_USDA_fungicides_2019_sample_154,Large Andrena_30,0.11,Andrena (Melandrena),LT517.CUAM1,LittleTree,0,0,0,0,0,0,0,0,0,0,0,0,0,0,0,0,0,0,0,0,0,0,0,0,0,0,0,0,0,0,0,0,0,0,0,0,0,0,0,0,0,0,0.4,0,35.1,0,0.01,0,0,0,0,0,0,0,0,0,0,0,0,0.01,0,0,0,0,0,0,0,0,0,0,0,0,0,0,0,5,0,0,0.01,0,0,0,0,0,3,0,0,0,0,0,0,0,7,43.6
2020nov10_USDA_fungicides_2019_sample_067,Wax_16,4.98,Bumble bee wax,,Mason1,0,0,0,0,0,0,0,0,0,0,0,0,0.2,0,0,0,0,0,0,0,0,4.9,0,0,0,0,0,0,0,0,0,0,0,0,0,0,0.7,0,0,0,0,0,0,0,0,0,0.2,0,0,0,0,0,0.4,0,0,0,0,0,0,0.1,0.5,0,0,0.5,0,0,0,0,0,0,0,0,0,0,0.6,0.5,0,0,1.2,0,0,0,0,3.2,0.2,0.2,0,0,0,0,0,0,14,13.5
2020nov10_USDA_fungicides_2019_sample_177,Pollen_13,4.04,Honey bee pollen,,Mason1,0,0,0,0,56.4,5.4,0,0,0,0,0,0,2.8,0,0,0,0,0,0,0,0,10000,0,0,0.9,8.3,0,2,0,0,0,0,0,0,0,0,0,0,0,0,0,0,2.9,0,0,0,0.2,0,0,0,0,19.8,0,0,0,0,0,0,0,171,0,0,42.4,1.7,0,0,0,0,0,0,0,0,0,0,0,12.3,0,0,9.2,0,0,0,0,0,2.8,0,0,0,32.9,0,0,0,17,10370.9
2020nov10_USDA_fungicides_2019_sample_192,Nectar_07,4.79,Nectar,,Mason1,0,0,0,0,0,2,0,0,0,0,0,0,0.9,0,0,0,0,0,0,0,0,9.8,0,0,0,0,0,0,0,0,0,0,0,0,0,0,0,0,0,0,0,0,0,0,0,0,0,0,0,0,0,0,0,0,0,0,0,0,0,0.1,0,0,0.8,0,0,0,0,0,0,0,0,0,0,0,0,0,0,0,0.2,0,0,0,0,0,0,0,0,0,0,0,0,0,6,13.8
2020nov10_USDA_fungicides_2019_sample_232,Apple flower_25,1.64,Apple flower,,Mason1,0,0,0,0.2,128,11.7,0,0,0,0,0,0,0,0,0,0,0,0,0,0,0,10000,0,0,1.5,0,0,0,0,0,0,0,0,0,0,0,0.8,0,0,0,0,0,2.6,0,0,0,0.2,0,0,0,0,2,0,0,0,0,0,0,0,1000,0,0,2.6,1.4,0,0,0,0,0,0,0,0,0,0,0,6.3,0,0,2.9,0,0,0,0,0,4.1,0,0,0,0,0,0,0,15,11164.4
2020nov10_USDA_fungicides_2019_sample_233,Apple flower_26,1.66,Apple flower,,Mason1,0,0,0,0,0,0,0,0,0,0,0,0,0,0,0,0,0,0,0,0,0,10000,0,0,0,0,0,0,0,0,0,0,0,0,0,0,0,0,0,0,0,0,0.6,0,0,0,0,0,0,0,0,0,0,0,0,0,0,0,0,1000,0,0,0,0.5,0,0,0,0,0,0,0,0,0,0,0,1.4,0,0,0.8,0,0,0,0,0,0.5,0,0,0,0,0,0,0,7,11003.6
2020nov10_USDA_fungicides_2019_sample_282,Dandelion flower_33,1.42,Dandelion flower,,Mason1,0,0,0,0.2,4.1,2,0,0,0,0,0,0,0,0,0,0,0,0,0,0,0,10000,0,0,0.2,0,0,0,0,0,0,0,0,0,0,0,0.8,0,0,0,0,0,0.9,0,0,0,0,0,0,0,0,2,0,0,0,0,0,0,0,578.4,0,0,0,0.5,0,0,0,0,0,0,0,0,0,0,0,2.1,0,0,0.5,0,0,0,0,0,0.8,0,0,0,0,0,0,0,13,10592.4
2020nov10_USDA_fungicides_2019_sample_283,Dandelion flower_34,1.88,Dandelion flower,,Mason1,0,0,0,0.8,6,2,0,0,0,0,0,0,0,0,0,0,0,0,0,0,0,10000,0,0,0.2,0,0,0,0,0,0,0,0,0,0,0,1.4,0,0,0,0,0,0.9,0,0,0,0,0,0,0,0,2,0,0,0,0,0,0,0,1000,0,0,0,0.8,0,0,0,0,0,0,0,0,0,0,0,2.4,0,0,1.1,0,0,0,0,0,1.2,0,0,0,0,0,0,0,13,11018.8
2020nov10_USDA_fungicides_2019_sample_104,Bumblebee worker_19,0.094,Bombus impatiens worker,,Mason1,0,0,0,0,0,0,0,0,0,0,0,0,0,0,0,0,0,0,0,0,0,4.7,0,0,0,0,0,0,0,0,0,0,0,0,0,0,0,0,0,0,0,0,0,0,0,0,0,0,0,0,0,0,0,0,0,0,0,0,0,0,0,0,0,0,0,0,0,0,0,0,0,0,0,0,0,0,0,0,0,0,0,0,0,0,0,0,0,0,0,0,0,0,1,4.7
2020nov10_USDA_fungicides_2019_sample_107,Honeybee worker_01,0.095,Apis mellifera worker,,Mason1,0,0,0,0,1.2,0,0,0,0,0,0,0,0,0,0,0,0,0,0,0,0,2.9,0,0,0,0,0,0,0,3.5,0,0,0,0,0,0,21.2,0,0,0,0,0,0,0,0,0,0,0,0,0,0,0,0,0,0,0,0,0,0,0,0,0,0,0,0,0,0,0,0,0,0,0,0,0,0,0,0,0,0.6,0,0,0,0,0.21,0.01,0,0,0,0,0,0,0,7,29.6
2020nov10_USDA_fungicides_2019_sample_131,Small Andrena_08,0.056,Andrena sp.,M531.PKAS3,Mason1,0,0,0,0,4.1,0,0,6.8,0,0,0,0,0,0,0,0,0,0,0,0,0,133.5,0,0,0.01,0,0,0,0,0,0,0,0,0,0,0,287,0,0,0,0,0,0,0,0,0,0,0,0,0,0,0,0,0,0,0,0,0,0,2.2,0,0,0,0.04,0,0,0,0,0,0,0,0,0,0,0,0.04,0,0,0.01,0,0,0,0,79,3.1,0,0,0,0,0,0,0,11,515.8
2020nov10_USDA_fungicides_2019_sample_068,Wax_17,5.03,Bumble bee wax,,Mason2,0,0,0,0,1.7,0,0,0,0,0,0,0,0.3,0,0,0,0,0,0,0,0,2.2,0,0,0.3,0,0,0,0,0,0,0,0,0,0,0,9.1,0,0,0,0,0,0.2,0,0,0,0.2,0,0,0,0,2.9,0.2,0,0,0,0,2,0,0.3,0.6,0,2.1,0.7,0,0,0,0,0,0,0,0,0,0,0.6,1,0.1,0,2.5,0,0,0,0,0,0.9,0.5,0,0,0,0,0,0,20,28.4
2020nov10_USDA_fungicides_2019_sample_170,Pollen_06,3.97,Honey bee pollen,,Mason2,0,0,0,0,28.7,2.9,0,0,0,0,0,0,2,0,0,0.5,0,0,0,0,0,53.6,0,0,3.2,0,0,0,0,0,0,0,0,0,0,0,0.8,0,0,0,0,3,2.4,0,0,0,0,0,0,0,0,3.9,0,0,0,0,0,0,0,1.4,0,0,14.4,9.3,0,0,0,0,0,0,0,0,0,0,0,10.6,1,0,2,0,0,0,0,0,1.9,0,0,0,51.5,0,0,0,18,193.1
2020nov10_USDA_fungicides_2019_sample_193,Nectar_08,5.07,Nectar,,Mason2,0,0,0,0,3,0,0,0,0.4,0,0,0,4.2,0,0,0,0,0,0,0,0,46.4,0,0,0,0,0,0,0,0,0,0,0,0,0,0,0,0,0,0,0,0,0,0,0,0,0,0,0,0,0,0,0,0,0,0,0,0,0,0.1,0,0,0,0,0,0,0,0,0,0,0,0,0,0,0,0,0,0,0.2,0,0,0,0,0,0.2,0,0,0,0,0,0,0,7,54.5
2020nov10_USDA_fungicides_2019_sample_240,Apple flower_33,1.62,Apple flower,,Mason2,0,0,0,0.2,0,0,0,0,0,0,0,0,0,0,0,0,0,0,0,0,0,0,0,0,2.4,0,0,0,0,0,0,0,0,0,0,0,0,0,0,0,0,0,13.4,0,0,0,0,0,0,0,0,0,0,0,0,0,0,0,0,0,0,0,0,0.5,0,0,0,0,0,0,0,0,0,0,0,23.6,0,0,0.2,0,0,0,0,0,0.2,0,0,0,0,0,0,0,7,40.6
2020nov10_USDA_fungicides_2019_sample_241,Apple flower_34,1.62,Apple flower,,Mason2,0,0,0,0,57.6,5.7,0,0,0,0,0,0,0,0,0,0,0,0,0,0,0,5.3,0,0,1.6,0,0,0,0,0,0,0,0,0,0,0,0,0,0,0,0,0,1.9,0,0,0,0,0,0,0,0,0,0,0,0,0,0,0,0,0.2,0,0,0,0.5,0,0,0,0,0,0,0,0,0,0,0,6.8,0,0,0.5,0,0,0,0,0,2.2,0,0,0,0,0,0,0,10,82.2
2020nov10_USDA_fungicides_2019_sample_261,Dandelion flower_13,2.12,Dandelion flower,,Mason2,0,0,0,0,1.2,2,0,0,0,0,0,0,0,0,0,0,0,0,0,0,0,0.8,0,0,0.5,0,0,0,0,0,0,0,0,0,0,0,0,0,0,0,0,0,0.6,0,0,0,0,0,0,0,0,0,0,0,0,0,0,0,0,0.1,0,0,0,0.5,0,0,0,0,0,0,0,0,0,0,0,2.2,0,0,0.2,0,0,0,0,0,0.2,0,0,0,0,0,0,0,10,8.4
2020nov10_USDA_fungicides_2019_sample_262,Dandelion flower_14,1.86,Dandelion flower,,Mason2,0,0,0,0,0.9,0,0,0,0,0,0,0,0,0,0,0,0,0,0,0,0,0.8,0,0,0.2,0,0,0,0,0,0,0,0,0,0,0,0,0,0,0,0,0,1.2,0,0,0,0,0,0,0,0,0,0,0,0,0,0,0,0,0,0,0,0,0.5,0,0,0,0,0,0,0,0,0,0,0,4.4,0,0,0,0,0,0,0,0,0,0,0,0,0,0,0,0,6,8
2020nov10_USDA_fungicides_2019_sample_097,Bumblebee worker_12,0.123,Bombus impatiens worker,,Mason2,0,0,0,0,0,0,0,0,0,0,0,0,0,0,0,0,0,0,0,0,0,0,0,0,0,0,0,0,0,0,0,0,0,0,0,0,0,0,0,0,0,0,0,0,0,0,0,0,0,0,0,0,0,0,0,0,0,0,0,0,0,0,0,0,0,0,0,0,0,0,0,0,0,0,0,0,0,0,0,0,0,0,0,0,0,0,0,0,0,0,0,0,0,0
2020nov10_USDA_fungicides_2019_sample_110,Honeybee worker_04,0.115,Apis mellifera worker,,Mason2,0,0,0,0,0,0,0,0,0,0,0,0,0,0,0,0,0,0,0,0,0,1,0,0,0,0,0,0,0,0.07,0,0,0,0,0,0,23.5,0,0,0,0,0,0,0,0,0,0,0,0,0,0,0,0,0,0,0,0,0,0,0,0,0,0,0,0,0,0,0,0,0,0,0,0,0,0,0,0,0,0.01,0,0,0,0,0,0.01,0,0,0,0,0,0,0,5,24.6
2020nov10_USDA_fungicides_2019_sample_139,Small Andrena_16,0.023,Andrena sp.,MT522.PKAS1,Mason2,0,0,0,0,0,0,0,0,0,0,0,0,0,0,0,0,0,0,0,0,0,0,0,0,0.01,0,0,0,0,0,0,0,0,0,0,0,0,0,0,0,0,0,0,0,0,0,0,0,0,0,0,0,0,0,0,0,0,0,0,0,0,0,0,0,0,0,0,0,0,0,0,0,0,0,0,0.04,0,0,0,0,0,0,0,0,0,0,0,0,0,0,0,0,2,0
2020nov10_USDA_fungicides_2019_sample_163,Large Andrena_39,0.108,Andrena (Melandrena),MT522.NBAM1,Mason2,0,0,0,0,13.7,0.14,0,0,0,0,0,0,0,0,0,0,0,0,0,0,0,0.04,0,0,0.5,0,0,0,0,0,0,0,0,0,0,0,0,0,0,0,0,0,0.6,0,0,0,0,0,0,0,0,0,0,0,0,0,0,0,0,0,0,0,0,0.04,0,0,0,0,0,0,0,0,0,0,0,4.8,0,0,0,0,0,0,0,0,0.01,0,0,0,0,0,0,0,8,19.7
2020nov10_USDA_fungicides_2019_sample_063,Wax_12,5.08,Bumble bee wax,,Noto,0,0,0,0,4.1,0,0,0,0,0,0,0,0.2,0,0,0,0,0,0,0,0,0.6,0.8,0,0.4,82.9,0,0,0,0,0,0,0,0,0,0,1.2,0,0,0,0,0,11.1,0,0,0,0.2,0,0,0,0,11.9,0.4,0,0,0,0,0,0,0.1,0.8,0,1,0.9,0,0,0,0,0,0,0,0,0,0,0.1,133.5,19.7,0,10.8,0,0,0,0,0,3,1,0,0,30,0,0,0,22,314.7
2020nov10_USDA_fungicides_2019_sample_169,Pollen_05,4.08,Honey bee pollen,,Noto,0,0,0,0,0.5,0,0,0,0,0,0,0,1.5,0,0,0,0,0,0,0,0,1.4,0.8,0,1.2,10,0,0,0,0,0,0,0,0,0,0,1.6,0,0,0,0,0,1000,0,0,0,0,0.2,0,0,0,218.8,0,0,0,0,0,0,0,0.2,0,0,2,1.2,0,0,0,0,0,0,0,0,0,0,0,10000,0.2,0,9,0,0,0,0,0,2.5,0,0,0,29.4,0,0,0,18,11280.5
2020nov10_USDA_fungicides_2019_sample_197,Nectar_12,4.49,Nectar,,Noto,0,0,0,0,0.5,0,0,0,0,0,0,0,1.3,0,0,0,0,0,0,0,0,0,0,0,0,0,0,0,0,0,0,0,0,0,0,0,0,0,0,0,0,0,0.2,0,0,0,0,0,0,0,0,2,0,0,0,0,0,0,0,0,0,0,1,0,0,0,0,0,0,0,0,0,0,0,0,0.8,0,0,0.2,0,0,0,0,0,0,0,0,0,0,0,0,0,7,6
2020nov10_USDA_fungicides_2019_sample_234,Apple flower_27,1.45,Apple flower,,Noto,0,0,0,0,0,0,0,0,0,0,0,0,0,0,0,0,0,0,0,0,0,11.9,0,0,0.8,0,0,0,0,0,0,0,0,0,0,0,0,0,0,0,0,0,59.4,0,0,0,0,0,0,0,0,0,0,0,0,0,0,0,0,1.6,0,0,0,1.4,0,0,0,0,0,0,0,0,0,0,0,155.6,0,0,0.2,0,0,0,0,0,0.2,0,0,0,0,0,0,0,8,231
2020nov10_USDA_fungicides_2019_sample_235,Apple flower_28,1.66,Apple flower,,Noto,0,0,0,0,0,0,0,0,0,0,0,0,0,0,0,0,0,0,0,0,0,8.9,0,0,1.4,0,0,0,0,0,0,0,0,0,0,0,0,0,0,0,0,0,123.4,0,0,0,0,0,0,0,0,2,0,0,0,0,0,0,0,1,0,0,1,2.1,0,0,0,0,0,0,0,0,0,0,0,575,0,0,0.8,0,0,0,0,0,0.4,0,0,0,0,0,0,0,10,716
2020nov10_USDA_fungicides_2019_sample_276,Dandelion flower_27,1.46,Dandelion flower,,Noto,0,0,0,0.2,0,0,0,0,0,0,0,0,0,0,0,0,0,0,0,0,0,15.4,0,0,0.5,0,0,0,0,0,0,0,0,0,0,0,0,0,0,0,0,0,29.7,0,0,0,0,0,0,0,0,0,0,0,0,0,0,0,0,2.4,0,0,0,0.5,0,0,0,0,0,0,0,0,0,0,0,89.2,0,0,0,0,0,0,0,0,0.2,0,0,0,0,0,0,0,8,138.1
2020nov10_USDA_fungicides_2019_sample_277,Dandelion flower_28,1.7,Dandelion flower,,Noto,0,0,0,0.2,0,0,0,0,0,0,0,0,0,0,0,0,0,0,0,0,0,6.3,0,0,0.2,0,0,0,0,2.1,0,0,0,0,0,0,0.8,0,0,0,0,0,12.6,0,0,0,0,0,0,0,0,0,0,0,0,0,0,0,0,1.1,0,0,0,0.5,0,0,0,0,0,0,0,0,0,0,0,29.1,0,0,0,0,0,0,0,0,0,0,0,0,0,0,0,0,9,52.9
2020nov10_USDA_fungicides_2019_sample_022,Mason bee pollen_06,0.506,Mason bee pollen provision,,Noto,0,0,0,0.2,2.2,0,0,0,0,0,0,0,0.1,0,0,0,0,0,0,0,0,0.8,0,0,3.9,0,0,0,0,0,0,0,0,0,0,0.01,1.8,0,0,0,0,0,87.3,0,0,0,0,0,0,0,0,2.2,0,0,0,0,0,0.14,0,0.01,0,0,0.07,2.1,0,0,0,0,0,0,0,0.04,0,0,0,360,0.3,0,0.7,0,0,0,0,0,0.4,0,0,0,0,0,0,0,18,462.2
2020nov10_USDA_fungicides_2019_sample_047,Bumblebee Queen_13,0.548,Bombus impatiens queen,N523.CUBI1,Noto,0,0,0,0,0,0,0,0,0,0,0,0,0,0,0,0,0,0,0,0,0,0.04,0,0,0.01,0,0,0,0,0,0,0,0,0,0,0,0.06,0,0,0,0,0,13.5,0,0,0,0,0,0,0,0,21.4,0,0,0,0,0,0,0,0.01,0,0,0,0,0,0,0,0,0,0,0,0,0,0,0,33.8,0,0,8.5,0,0,0,0,0,1,0,0,0,0,0,0,0,9,78.2
2020nov10_USDA_fungicides_2019_sample_050,Bumblebee Queen_16,0.586,Bombus impatiens queen,N524.CUBI1,Noto,0,0,0,0,0,0,0,0,0,0,0,0,0,0,0,0,0,0,0,0,0,0.04,0,0,0,0,0,0,0,0,0,0,0,0,0,0,0.3,0,0,0,0,0,24.8,0,0,0,0,0,0,0,0,7.5,0,0,0,0,0,0,0,0.01,0,0,0.07,0,0,0,0,0,0,0,0,0,0,0,0,93,0.2,0,3.9,0,0,0,0,0,0.5,0,0,0,2.1,0,0,0,11,132.3
2020nov10_USDA_fungicides_2019_sample_096,Bumblebee worker_11,0.118,Bombus impatiens worker,,Noto,0,0,0,0,0,0,0,0,0,0,0,0,0,0,0,0,0,0,0,0,0,0,0,0,0,0,0,0,0,0,0,0,0,0,0,0,0,0,0,0,0,0,0,0,0,0,0,0,0,0,0,0,0,0,0,0,0,0,0,0,0,0,0,0,0,0,0,0,0,0,0,0,0,0,0,0.04,0.5,0,0.01,0,0,0,0,0,0,0,0,0,0,0,0,0,3,0.6
2020nov10_USDA_fungicides_2019_sample_112,Honeybee worker_06,0.099,Apis mellifera worker,,Noto,0,0,0,0,119.2,0,0,0,0,0,0,0,0,0,0,0,0,0,0,0,0,0,0,0,0,0,0,0,0,0,0,0,0,0,0,0,0.06,0,0,0,0,0,27.1,0,0,0,0,0,0,0,0,0,0,0,0,0,0,0,0,0.5,0,0,0,0,0,0,0,0,0,0,0,0,0,0,0,88,1.6,0,0.7,0,0,0,0,0,40.1,0,0,0,0,0,0,8.9,9,286.2
2020nov10_USDA_fungicides_2019_sample_141,Small Andrena_18,0.021,Andrena sp.,N524.PKAS1,Noto,0,0,0,0,0,0,0,0,0,0,0,0,0,0,0,0,0,0,0,0,0,0,0,0,0,0,0,0,0,0,0,0,0,0,0,0,0,0,0,0,0,0,0.01,0,0,0,0,0,0,0,0,0,0,0,0,0,0,0,0,0,0,0,0,0,0,0,0,0,0,0,0,0,0,0,0,0,0.01,0,0.01,0,0,0,0,0,0,0,0,0,0,0,0,0,3,0
2020nov10_USDA_fungicides_2019_sample_158,Large Andrena_34,0.093,Andrena (Melandrena),N523.PMAM1,Noto,0,0,0,0,0.04,0,0,0,0,0,0,0,0,0,0,0,0,0,0,0,0,0,0,0,0.01,0,0,0,0,0,0,0,0,0,0,0,0.06,0,0,0,0,0,2.9,0,0,0,0,0,0,0,0,0.14,0,0,0,0,0,0,0,0.01,0,0,0,0,0,0,0,0,0,0,0,0,0,0,0,17.7,0,0,0.01,0,0,0,0,0,0.01,0,0,0,0,0,0,0,9,20.8
2020nov10_USDA_fungicides_2019_sample_057,Wax_06,5.01,Bumble bee wax,,OneOfAKind,0,0,0,0,0,0,0,0,0,0,0,0,0.3,0,0,0,0,0,0,0,0,0,0.8,0,0.7,0,0,0,0,0,0,0,0,0,0,0,1,0,0,0,0,0,0.2,0,0,0,0.2,0,0,0,0,0,0.3,0,0,0,0,2,0,0.1,0.6,0,0,1,0,0,0,2,0,0,0,0,0,0,0.4,0.4,0,0,1.1,0,0,0,0,0,0.5,0.4,0,0,0,0,0,0,17,12
2020nov10_USDA_fungicides_2019_sample_184,Pollen_20,3.91,Honey bee pollen,,OneOfAKind,0,0,0,0,0,0,0,0,0,0,0,0,1.6,0,0,0,0,0,0,0,0,0,0,0,1.5,0,0,0,0,0,0,0,0,0,0,0,0,0,0,0,0,0,0,0,0,0,0,0,0,0,0,0,0,0,0,0,0,0,0,0,0,0,0,0.7,0,0,0,0,0,0,0,0,0,0,0,0.5,0,0,0.2,0,0,0,0,0,0.2,0,0,0,0,0,0,0,6,4.6
2020nov10_USDA_fungicides_2019_sample_204,Nectar_19,4.68,Nectar,,OneOfAKind,0,0,0,0,0,0,0,0,0,0,0,0,0,0,0,0,0,0,0,0,0,0,0,0,0.2,0,0,0,0,0,0,0,0,0,0,0,0,0,0,0,0,0,0,0,0,0,0,0,0,0,0,0,0,0,0,0,0,0,0,0,0,0,0,0,0,0,0,0,0,0,0,0,0,0,0,0,0,0,0,0,0,0,0,0,0,0,0,0,0,0,0,0,1,0.2
2020nov10_USDA_fungicides_2019_sample_246,Apple flower_39,1.57,Apple flower,,OneOfAKind,0,0,0,0,0,0,0,0,0,0,0,0,0,0,0,0,0,0,0,0,0,0,0,0,1.2,0,0,0,0,0,0,0,0,0,0,0,0,0,0,0,0,0,0,0,0,0,0,0,0,0,0,0,0,0,0,0,0,0,0,0,0,0,0,0.5,0,0,0,0,0,0,0,0,0,0,0,0,0,0,0,0,0,0,0,0,0,0,0,0,0,0,0,0,2,1.7
2020nov10_USDA_fungicides_2019_sample_247,Apple flower_40,1.4,Apple flower,,OneOfAKind,0,0,0,0,0,0,0,0,0,0,0,0,0,0,0,0,0,0,0,0,0,0,0.8,0,2.2,0,0,0,0,0,0,0,0,0,0,0,0,0,0,0,0,0,0,0,0,0,0,0,0,0,0,0,0,0,0,0,0,0,0,0,0,0,0,0.5,0,0,0,0,0,0,0,0,0,0,0,0.5,0,0,0,0,0,0,0,0,0,0,0,0,0,0,0,0,4,4
2020nov10_USDA_fungicides_2019_sample_284,Dandelion flower_35,1.4,Dandelion flower,,OneOfAKind,0,0,0,0,0,0,0,0,0,0,0,0,0,0,0,0,0,0,0,0,0,0.5,0,0,0.5,0,0,0,0,0,0,0,0,0,0,0,0,0,0,0,0,0,0,0,0,0,0.2,0,0,0,0,0,0,0,0,0,0,0,0,0,0,0,0,0.5,0,0,0,0,0,0,0,0,0,0,0,0,0,0,0,0,0,0,0,0,0,0,0,0,0,0,0,0,4,1.7
2020nov10_USDA_fungicides_2019_sample_285,Dandelion flower_36,2.15,Dandelion flower,,OneOfAKind,0,0,0,0,0,0,0,0,0,0,0,0,0,0,0,0,0,0,0,0,0,0,0,0,1.2,0,0,0,0,0,0,0,0,0,0,0,0,0,0,0,0,0,0,0,0,0,0,0,0,0,0,0,0,0,0,0,0,0,0,0,0,0,0,0.5,0,0,0,0,0,0,0,0,0,0,0,0,0,0,0,0,0,0,0,0,0,0,0,0,0,0,0,0,2,1.7
2020nov10_USDA_fungicides_2019_sample_023,Mason bee pollen_07,0.502,Mason bee pollen provision,,OneOfAKind,0,0,0,0,0.4,0,0,0,0,0,0,0,0.4,0,0,0,0,0,0,0,0,0,0.06,0,3.2,0,0,0,0,0,0,0,0,0,0,0.01,0,0,0,0,0,2.4,0,0,0,0,0,0,0,0,0,0,0,0,0,0,0,0,0,0,0,0,0,2.6,0,0,0,0,0,0,0,0,0,0,0,0.04,0,0,0,0,0,0,0,0,0,0,0,0,0,0,0,0,8,9.1
2020nov10_USDA_fungicides_2019_sample_043,Bumblebee Queen_09,0.539,Bombus impatiens queen,OK515.CUBI1,OneOfAKind,0,0,0,0,0,0,0,0,0,0,0,0,0,0,0,0,0,0,0,0,0,0,0,0,0,0,0,0,0,0,0,0,0,0,0,0,0,0,0,0,0,0,0.01,0,0,0,0,0,0,0,0,0,0,0,0,0,0,0,0,0,0,0,0,0,0,0,0,0,0,0,0,0,0,0,0,0.6,0,0,0.1,0,0,0,0,0,0,0,0,0,0,0,0,0,3,0.8
2020nov10_USDA_fungicides_2019_sample_079,Xylocopa_07,0.609,Xylocopa virginica,OK515.PMXV1,OneOfAKind,0,0,0,0.01,0,0,0,0,0,0,0,0,0,0,0,0,0,0,0,0,0,0,0,0,0,0,0,0,0,0,0,0,0,0,0,0,0,0,0,0,0,0,0.01,0,0,0,0,0,0,0,0,0,0,0,0,0,0,0,0,0,0,0,0,0,0,0,0,0,0,0,0,0,0,0,0,1.3,0,0,0,0,0,0,0,0,0,0,0,0,0,0,0,0,3,1.4
2020nov10_USDA_fungicides_2019_sample_093,Bumblebee worker_08,0.124,Bombus impatiens worker,,OneOfAKind,0,0,0,0,0,0,0,0,0,0,0,0,0,0,0,0,0,0,0,0,0,0,0,0,0,0,0,0,0,0,0,0,0,0,0,0,0,0,0,0,0,0,0,0,0,0,0,0,0,0,0,0,0,0,0,0,0,0,0,0,0,0,0,0,0,0,0,0,0,0,0,0,0,0,0,0,0,0,0,0,0,0,0,0,0,0,0,0,0,0,0,0,0,0
2020nov10_USDA_fungicides_2019_sample_132,Small Andrena_09,0.035,Andrena sp.,OK515.SMAS1,OneOfAKind,0,0,0,0,0,0,0,0,0,0,0,0,0,0,0,0,0,0,0,0,0,0,0,0,0,0,0,0,0,0,0,0,0,0,0,0,0,0,0,0,0,0,0,0,0,0,0,0,0,0,0,0,0,0,0,0,0,0,0,0,0,0,0,0,0,0,0,0,0,0,0,0,0,0,0,0,0,0,0,0,0,0,0,0,0,0,0,0,0,0,0,0,0,0
2020nov10_USDA_fungicides_2019_sample_150,Large Andrena_26,0.091,Andrena (Melandrena),OK515.PMAM2,OneOfAKind,0,0,0,0,0,0,0,0,0,0,0,0,0,0,0,0,0,0,0,0,0,0,0,0,0.01,0,0,0,0,0,0,0,0,0,0,0,0,0,0,0,0,0,0,0,0,0,0,0,0,0,0,0,0,0,0,0,0,0,0,0,0,0,0,0,0,0,0,0,0,0,0,0,0,0,0,0,0,0,0,0,0,0,0,0,0,0,0,0,0,0,0,0,1,0
2020nov10_USDA_fungicides_2019_sample_071,Wax_20,5.02,Bumble bee wax,,Perkins,0,0,0,0,0,0,0,0,0,0,0,0,0.2,0,0,0,0,0,0,0,0,3.2,0.8,0,0.4,10,0,0,0,0,0,0,0,0,0,0,2.9,0,0,0,0,0,5,0,0,0,0.2,17,0,0,0,162.1,0.4,0,0,0,0,2,0,1.5,0.8,0,1.3,0.9,0,0,0,0,0,0,0,0,0,0,0.2,48.6,0,0,8.2,0,0,0,0,0,6.7,0.6,0,0,36.3,0,0,0,22,309.2
2020nov10_USDA_fungicides_2019_sample_173,Pollen_09,4.04,Honey bee pollen,,Perkins,0,0,0,0,0.5,0,0,1,0,0,0,0,0.7,0,0,0,0,0,0,0,0,63,0.8,0,1.6,0,0,0,0,0,0,0,0,0,0,0,1.4,0,0,0,0,0,35.8,0,0,0,0,0,0,0,0,10000,0,0,0,0,0,0,0,5.4,0,0,1.4,1,0,0,0,0,0,0,0,0,0,0,0,183.9,0,0,8.1,0,0,0,0,0,6.1,0,0,0,262.8,0.5,0,0,17,10574
2020nov10_USDA_fungicides_2019_sample_203,Nectar_18,4.9,Nectar,,Perkins,0,0,0,0,0,0,0,1,0,0,0,0,0.3,0,0,0,0,0,0,0,0,4.9,0,0,0,0,0,0,0,0,0,0,0,0,0,0,0,0,0,0,0,0,0.3,0,0,0,0,0,0,0,0,2,0,0,0,0,0,0,0,0.1,0,0,0,0,0,0,0,0,0,0,0,0,0,0,0,0,0,0,0,0,0,0,0,0,0,0,0,0,0,0,0,0,6,8.7
2020nov10_USDA_fungicides_2019_sample_228,Apple flower_21,1.48,Apple flower,,Perkins,0,0,0,0,0,0,0,0,0.5,0,0,0,0,0,0,0,0,0,0,0,0,46,0,0,0.9,0,0,0,0,0,0,0,0,0,0,0,2.4,0,0,0,0,0,43.8,0,10,0,0,0,0,0,0,10000,0,0,0,0,0,0,0,1.9,0,0,6.4,0,0,0,0,0,0,0,0,0,0,0,0,144.4,0,0,6.8,0,0,0,0,0,2,0,0,0,99.9,4.6,0,0,14,10369.7
2020nov10_USDA_fungicides_2019_sample_229,Apple flower_22,1.8,Apple flower,,Perkins,0,0,0,0,0,0,0,0,0,0,0,0,0,0,0,0,0,0,0,0,0,71.3,0,0,1,0,0,0,0,0,0,0,0,0,0,0,0,0,0,0,0,0,15.5,0,0,0,0,0,0,0,0,10000,0,0,0,0,0,0,0,2.2,0,0,0,0.5,0,0,0,0,0,0,0,0,0,0,0,14.6,0,0,0.6,0,0,0,0,0,0.2,0,0,0,99.6,0,0,0,10,10205.6
2020nov10_USDA_fungicides_2019_sample_270,Dandelion flower_21,1.75,Dandelion flower,,Perkins,0,0,0,0,0,0,0,0,0,0,0,0,0,0,0,0,0,0,0,0,0,19.5,0,0,0.2,0,0,0,0,0,0,0,0,0,0,0,0.8,0,0,0,0,0,4.4,0,0,0,0,0,0,0,0,10000,0,0,0,0,0,0,0,0.6,0,0,0,0.5,0,0,0,0,0,0,0,0,0,0,0,7.7,0,0,0,0,0,0,0,0,0,0,0,0,94.1,0,0,0,9,10127.8
2020nov10_USDA_fungicides_2019_sample_271,Dandelion flower_22,1.55,Dandelion flower,,Perkins,0,0,0,0,0,0,0,0,0,0,0,0,0,0,0,0,0,0,0,0,0,33.7,0,0,0.5,0,0,0,0,0,0,0,0,0,0,0,0.8,0,0,0,0,0,8.8,0,0,0,0,0,0,0,0,10000,0,0,0,0,0,0,0,1.1,0,0,0,0.5,0,0,0,0,0,0,0,0,0,0,0,12.7,0,0,0.2,0,0,0,0,0,0,0,0,0,153.3,0,0,0,10,10211.5
2020nov10_USDA_fungicides_2019_sample_019,Mason bee pollen_03,0.5,Mason bee pollen provision,,Perkins,0,0,0,0,1.9,0,0,0.6,0,0,0,0,0,0,0,0,0,0,0,0,0,3.3,0.06,0,0.9,0,0,0,0,0,0,0,0,0,0,0,0.06,0,0,0,0,0,10.4,0,0,0,0,59.8,0,0,0,59.7,0,0,0,0,0,0,0,0.2,0,0,0.07,2.9,0,0,0,0,0,0,0,0,0,0,0,50,0,0,1,0,0,0,0,0,0.3,0,0,0,15.3,0.04,0,0,17,206.6
2020nov10_USDA_fungicides_2019_sample_099,Bumblebee worker_14,0.171,Bombus impatiens worker,,Perkins,0,0,0,0,0,0,0,0,0,0,0,0,0,0,0,0,0,0,0,0,0,0,0,0,0,0,0,0,0,0,0,0,0,0,0,0,0,0,0,0,0,0,0.01,0,0,0,0,0.01,0,0,0,0.14,0,0,0,0,0,0,0,0,0,0,0,0,0,0,0,0,0,0,0,0,0,0,0,1.2,0,0,0.01,0,0,0,0,0,0,0,0,0,0,0,0,0,5,1.4
2020nov10_USDA_fungicides_2019_sample_113,Honeybee worker_07,0.083,Apis mellifera worker,,Perkins,0,0,0,0,132.6,0.14,0,0,0,0,0,0,0,0,0,0,0,0,0,0,0,0,0.06,0,0.01,0,0,0,0,0,0,0,0,0,0,0,3,0,0,0,0,0,0.01,0,0,0,0,15,0,0,0,121.1,0,0,0,0,0,0,0,0,0,0,0,0,0,0,0,0,0,0,0,0,0,0,0,0,0,0,0,0,0,0,0,0,0.01,0,0,0,0,0,0,0,9,271.9
2020nov10_USDA_fungicides_2019_sample_134,Small Andrena_11,0.023,Andrena sp.,P521.PKAS1,Perkins,0,0,0,0,0,0,0,0,0,0,0,0,0,0,0,0,0,0,0,0,0,11.8,0,0,0,0,0,0,0,0,0,0,0,0,0,0,0.06,0,0,0,0,0,2.6,0,0,0,0,0,0,0,0,1935.7,0,0,0,0,0,0,0,0.01,0,0,0,0,0,0,0,0,0,0,0,0,0,0,0,15,0,0,3.5,0,0,0,0,0,0.01,0,0,0,0,0,0,0,8,1968.7
2020nov10_USDA_fungicides_2019_sample_138,Small Andrena_15,0.023,Andrena sp.,P521.CUAS1,Perkins,0,0,0,0,0,0,0,0,0,0,0,0,0,0,0,0,0,0,0,0,0,5.9,0,0,0,0,0,0,0,0,0,0,0,0,0,0,0,0,0,0,0,0,0.01,0,0,0,0,0,0,0,0,776.7,0,0,0,0,0,0,0,0,0,0,0,0,0,0,0,0,0,0,0,0,0,0,0,5.3,0,0,8,0,0,0,0,0,0,0,0,0,0,0,0,0,5,795.9
2020nov10_USDA_fungicides_2019_sample_148,Large Andrena_24,0.1,Andrena (Melandrena),P521.PLAM2,Perkins,0,0,0,0,0.04,0,0,0,0,0,0,0,0,0,0,0,0,0,0,0,0,7.8,0,0,0,0,0,0,0,0,0,0,0,0,0,0,6.5,0,0,0,0,0,1.5,0,0,0,0,0,0,0,0,989.8,0,0,0,0,0,0,0,1.2,0,0,0,0,0,0,0,0,0,0,0,0,0,0,0,8.6,0,0,1.5,0,0,0,0,0,1.2,0,0,0,0,0,0,0,9,1018.1
2020nov10_USDA_fungicides_2019_sample_056,Wax_05,5.08,Bumble bee wax,,Reisingers,0,0,0,0,0,0,0,0,5.6,0,0,0,0.4,0,0,0,0,0,0,0,0,0.4,235,0,0.8,0,0,0,0,0,0,0,0,0,0,0,1,0,0,0,0,0,50,0,0,0,0.2,0,0,0,0,51.3,0.3,0,0,0,0,2,0,0.1,0.4,0,31.4,1,0,0,0,2,0,34,0,0,0,0,0.3,407.9,0,0,73.2,0,0,0,0,0,134.1,0.8,0,0,0,0,0,0,22,1032.1
2020nov10_USDA_fungicides_2019_sample_183,Pollen_19,4,Honey bee pollen,,Reisingers,0,0,0,0,0,0,0,0,51.5,0,0,0,0.8,0,0,0,0,0,0,0,0,0,0,0,1.5,0,0,0,0,0,0,0,0,0,0,0,0.8,0,0,0,0,0,61.5,0,0,0,0.2,0,0,0,0,8.8,0,0,0,0,0,0,0,0,0,0,15.3,0.5,0,0,0,0,0,0,0,0,0,0,0,301.2,0,0,8.8,0,0,0,0,0,42.7,0,0,0,28.1,0,0,0,13,521.8
2020nov10_USDA_fungicides_2019_sample_198,Nectar_13,4.76,Nectar,,Reisingers,0,0,0,0,0,0,0,0,1.4,0,0,0,0,0,0,0,0,0,0,0,0,0,0.8,0,0.2,0,0,0,0,0,0,0,0,0,0,0,0,0,0,0,0,0,0,0,0,0,0,0,0,0,0,0,0,0,0,0,0,0,0,0,0,0,0,0,0,0,0,0,0,0,0,0,0,0,0,0,0,0,0,0,0,0,0,0,0,0,0,0,0,0,0,0,3,2.4
2020nov10_USDA_fungicides_2019_sample_219,Apple flower_13,0.78,Apple flower,,Reisingers,0,0,0,1.1,0,0,0,0,125.9,0,0,0,0,0,0,0,0,0,0,0,0,0,0,0,1.9,0,0,0,0,0,0,0,0,0,0,0,0.8,0,0,0,0,0,378.2,0,0,0,0,0,0,0,0,137.2,0,0,0,0,0,0,0,0,0,0,323.2,0.5,0,0,0,0,0,0,0,0,0,39.6,0,2298.5,0,0,165.4,0,0,0,0,0,313.3,0,0,0,0,0,0,0,12,3785.6
2020nov10_USDA_fungicides_2019_sample_220,Apple flower_14,0.76,Apple flower,,Reisingers,0,0,0,0.8,0,0,0,0,336.1,0,0,0,0,0,0,0,0,0,0,0,0,0,0,0,1.8,0,0,0,0,0,0,0,0,0,0,0,0.8,0,0,0,0,0,331.9,0,0,0,0,0,0,0,0,83.9,0,0,0,0,0,0,0,0,0,0,66.4,0,0,0,0,0,0,0,0,0,0,49,0,1772.8,0,0,150.6,0,0,0,0,0,652.1,0,0,0,0,0,0,0,11,3446.4
2020nov10_USDA_fungicides_2019_sample_257,Dandelion flower_09,1.11,Dandelion flower,,Reisingers,0,0,0,0.9,0,0,0,0,20.4,0,0,0,0,0,0,0,0,0,0,0,0,0,0,0,0.2,0,0,0,0,0,0,0,0,0,0,0,0,0,0,0,0,0,8.5,0,0,0,0,0,0,0,0,7.2,0,0,0,0,0,0,0,0,0,0,1,0,0,0,0,0,0,0,0,0,0,28.2,0,36.2,0,0,0.6,0,0,0,0,0,3.8,0,0,0,0,0,0,0,10,107.1
2020nov10_USDA_fungicides_2019_sample_258,Dandelion flower_10,1.15,Dandelion flower,,Reisingers,0,0,0,0.2,0,0,0,0,30.3,0,0,0,0,0,0,0,0,0,0,0,0,0,0,0,0.2,0,0,0,0,0,0,0,0,0,0,0,0.8,0,0,0,0,0,10.3,0,0,0,0,0,0,0,0,2,0,0,0,0,0,0,0,0,0,0,3.1,0,0,0,0,0,0,0,0,0,0,19.5,0,46.6,0,0,0.8,0,0,0,0,0,4,0,0,0,0,0,0,0,11,117.8
2020nov10_USDA_fungicides_2019_sample_025,Mason bee pollen_09,0.493,Mason bee pollen provision,,Reisingers,0,0,0,0,0.6,0,0,0,9.2,0,0,0,0.01,0,0,0,0,0,0,0,0,0,120.9,0,1.7,0,0,0,0,0,0,0,0,0,0,0,0,0,0,0,0,0,3,0,0,0,0,0,0,0,0,14.3,0,0,0,0,0,0,0,0,0,0,1,0.7,0,0,0,0,0,0,0,0.7,0,0,0,28.5,0,0,11.4,0,0,0,0,0,10.5,0,0,0,0,0,0,0,13,202.6
2020nov10_USDA_fungicides_2019_sample_038,Bumblebee Queen_04,0.665,Bombus impatiens queen,R520.PKBI1,Reisingers,0,0,0,0,0,0,0,0,1.3,0,0,0,0,0,0,0,0,0,0,0,0,0,0,0,0.01,0,0,0,0,0,0,0,0,0,0,0,0,0,0,0,0,0,2.7,0,0,0,0.01,0,0,0,0,1.2,0,0,0,0,0,0,0,0,0,0,0.8,0,0,0,0,0,0,0,0,2.7,0,0,0,32.2,0,0,1.9,0,0,0,0,0,14.8,0,0,0,0,0,0,0,10,57.8
2020nov10_USDA_fungicides_2019_sample_076,Xylocopa_04,0.337,Xylocopa virginica,R520.PKXV1,Reisingers,0,0,0,0.01,0,0,0,0,1.2,0,0,0,0,0,0,0,0,0,0,0,0,0,0,0,0.01,0,0,0,0,0,0,0,0,0,0,0,0,0,0,0,0,0,2.5,0,0,0,0,0,0,0,0,1.5,0,0,0,0,0,0,0,0,0,0,1.7,0,0,0,0,0,0,0,0,0,0,0,0,27.2,0,0,2.2,0,0,0,0,0,12.7,0.3,0,0,0,0,0,0,10,49.4
2020nov10_USDA_fungicides_2019_sample_087,Bumblebee worker_02,0.107,Bombus impatiens worker,,Reisingers,0,0,0,0,0,0,0,0,0,0,0,0,0,0,0,0,0,0,0,0,0,0,5,0,0,0,0,0,0,0,0,0,0,0,0,0,0,0,0,0,0,0,5.6,0,0,0,0,0,0,0,0,0,0,0,0,0,0,0,0,0,0,0,8.1,0,0,0,0,0,0,0,0,0,0,0,0,21.8,0,0,2.2,0,0,0,0,0,6.6,0,0,0,0,0,0,0,6,49.2
2020nov10_USDA_fungicides_2019_sample_122,Honeybee worker_16,0.093,Apis mellifera worker,,Reisingers,0,0,0,0,2.2,0,0,0,0,0,0,0,0,0,0,0,0,0,0,0,0,0,3.8,0,0,0,0,0,0,0,0,0,0,0,0,0,0,0,0,0,0,0,0,0,0,0,0,0,0,0,0,0,0,0,0,0,0,0,0,0,0,0,0,0,0,0,0,0,0,0,0,0,0,0,0,0,0,0,0.01,0,0,0,0,0,0,0,0,0,0,0,0,0,3,6
2020nov10_USDA_fungicides_2019_sample_124,Small Andrena_01,0.07,Andrena sp.,R520.PKAS1,Reisingers,0,0,0,0,0,0,0,0,13.5,0,0,0,0,0,0,0,0,0,0,0,0,0,0,0,0.01,0,0,0,0,0,0,0,0,0,0,0,0,0,0,0,0,0,16.6,0,0,0,0,0,0,0,0,9.2,0,0,0,0,0,0,0,0,0,0,8.4,0,0,0,0,0,0,0,0,0,0,0,0,175.8,0,0,9.1,0,0,0,0,0,36.4,0,0,0,0,0,0,0,8,268.9
2020nov10_USDA_fungicides_2019_sample_146,Large Andrena_22,0.102,Andrena (Melandrena),R520.CUAM1,Reisingers,0,0,0,0.01,1.1,0,0,0,0,0,0,0,0,0,0,0,0,0,0,0,0,0.04,0,0,1.1,0,0,0,0,0,0,0,0,0,0,0,0,0,0,0,0,0,0.8,0,0,0,0,0,0,0,0,0,0,0,0,0,0,0,0,0,0,0,0,0,0,0,0,0,0,0,0,0,0,0,0,4.1,0,0,0.01,0,0,0,0,0,0.01,0,0,0,0,0,0,0,8,7.2
2020nov10_USDA_fungicides_2019_sample_062,Wax_11,5,Bumble bee wax,,Simpelaar,0,0,0,0,0,0,0,0,2.5,0,0,0,0.3,0,0,0,0,0,0,0,0,0.5,32.2,0,1,9.9,0,0,0,0,0,0,0,0,0,0,1.4,0,0,0,0,0,2.7,0,0,0,0.4,0,0,0,0,70,0.3,0,0,0,0,2,0,0.1,0.9,0,1.3,3,0,0,0,2,0,0,0,0,0,0,0.4,45.3,0.2,0,109,0,0,0,0,1153.1,1.6,0.8,0,0,0,0,0,0,24,1440.9
2020nov10_USDA_fungicides_2019_sample_166,Pollen_02,3.75,Honey bee pollen,,Simpelaar,0,0,0,0,0,0,0,0,0,0,0,0,0.4,0,0,0,0,0,0,0,0,0.5,0,0,1.8,10,0,0,0,0,0,0,0,0,0,0,0.8,0,0,0,0,0,16.6,0,0,0,0,0,0,0,0,3.2,0,0,0,0,0,0,0,0.2,0,0,1,2.3,0,0,0,0,0.2,0,0,0,0,0,0,66.4,0,0,2.4,0,0,0,0,3,2.2,0,0,0,30,0,0,0,16,141.1
2020nov10_USDA_fungicides_2019_sample_191,Nectar_06,4.15,Nectar,,Simpelaar,0,0,0,0,0,0,0,0,0,0,0,0,0.2,0,0,0,0,0,0,0,0,0,0,0,0,0,0,0,0,0,0,0,0,0,0,0,0,0,0,0,0,0,0.2,0,0,0,0,0,0,0,0,0,0,0,0,0,0,0,0,0,0,0,0,0,0,0,0,0,0,0,0,0,0,0,0,0,0,0,0,0,0,0,0,0,0,0,0,0,0,0,0,0,2,0.4
2020nov10_USDA_fungicides_2019_sample_238,Apple flower_31,1.47,Apple flower,,Simpelaar,0,0,0,0,0,0,0,0,0,0,0,0,0,0,0,0,0,0,0,0,0,2.2,0,0,1.7,0,0,0,0,0,0,0,0,0,0,0,2.7,0,0,0,0,0,1000,0,0,0,0,0,0,0,0,0,0,0,0,0,0,0,0,0.1,0,0,8.4,6.8,0,0,0,0,0,0,0,0,0,0,0,10000,0,0,0.5,0,0,0,0,0,1.1,0,0,0,0,0,0,0,10,11023.6
2020nov10_USDA_fungicides_2019_sample_239,Apple flower_32,1.46,Apple flower,,Simpelaar,0,0,0,0,0,0,0,0,0,0,0,0,0,0,0,0,0,0,0,0,0,0,0,0,2.9,0,0,0,0,0,0,0,0,0,0,0,0,0,0,0,0,0,19.8,0,0,0,0,0,0,0,0,0,0,0,0,0,0,0,0,0,0,0,1,0.5,0,0,0,0,0,0,0,0,0,0,0,34.1,0,0,0.2,0,0,0,0,0,0.2,0,0,0,0,0,0,0,7,58.7
2020nov10_USDA_fungicides_2019_sample_263,Dandelion flower_15,1.8,Dandelion flower,,Simpelaar,0,0,0,0,0,0,0,0,0,0,0,0,0,0,0,0,0,0,0,0,0,0,0,0,0.4,0,0,0,0,0,0,0,0,0,0,0,0,0,0,0,0,0,1.7,0,0,0,0,0,0,0,0,0,0,0,0,0,0,0,0,0,0,0,0,0,0,0,0,0,0,0,0,0,0,0,0,4.5,0,0,0,0,0,0,0,0,0,0,0,0,0,0,0,0,3,6.7
2020nov10_USDA_fungicides_2019_sample_264,Dandelion flower_16,1.98,Dandelion flower,,Simpelaar,0,0,0,0,0,0,0,0,0,0,0,0,0,0,0,0,0,0,0,0,0,0,0,0,0.3,0,0,0,0,0,0,0,0,0,0,0,0,0,0,0,0,0,2.4,0,0,0,0,0,0,0,0,0,0,0,0,0,0,0,0,0,0,0,0,0.5,0,0,0,0,0,0,0,0,0,0,0,4,0,0,0,0,0,0,0,0,0,0,0,0,0,0,0,0,4,7.2
2020nov10_USDA_fungicides_2019_sample_028,Mason bee pollen_12,0.504,Mason bee pollen provision,,Simpelaar,0,0,0,0.3,2.5,0.14,0,0.7,0.7,0,0,0,0,0,0,0,0,0,0,0,0,0.04,316.4,0,3.8,0,0,0,0.01,0,0,0,0,0,0,0.01,4.5,0,0,0,0,0,2.6,0,0,0,0.01,0,0,0,0,25.3,0,0,0,0,0,0,0,0.2,0,0,0.07,15.9,0,0,0,0,0,0,0,0,0,0,0,13.1,0.3,0,23.9,0,0,0,0,219.6,1.8,0,0,0,0,0,0,0,22,632.1
2020nov10_USDA_fungicides_2019_sample_041,Bumblebee Queen_07,0.729,Bombus impatiens queen,S521.CUBI1,Simpelaar,0,0,0,0,0,0,0,0,0,0,0,0,0,0,0,0,0,0,0,0,0,0,0,0,0.01,0,0,0,0,0,0,0,0,0,0,0,0,0,0,0,0,0,0.3,0,0,0,0,0,0,0,0,0,0,0,0,0,0,0,0,0,0,0,1.9,0,0,0,0,0,0,0,0,0,0,0,0,2.9,0,0,0.1,0,0,0,0,0,0.6,0,0,0,0,0,0,0,6,5.8
2020nov10_USDA_fungicides_2019_sample_101,Bumblebee worker_16,0.147,Bombus impatiens worker,,Simpelaar,0,0,0,0,0,0,0,0,0,0,0,0,0,0,0,0,0,0,0,0,0,0,0.06,0,0,0,0,0,0,0,0,0,0,0,0,0,0,0,0,0,0,0,0,0,0,0,0,0,0,0,0,0,0,0,0,0,0,0,0,0,0,0,0,0,0,0,0,0,0,0,0,0,0,0,0,0.04,0,0,0.8,0,0,0,0,0.21,0,0,0,0,0,0,0,0,4,1.1
2020nov10_USDA_fungicides_2019_sample_108,Honeybee worker_02,0.081,Apis mellifera worker,,Simpelaar,0,0,0,0,0,0,0,0,0,0,0,0,0,0,0,0,0,0,0,0,0,0,2.9,0,0.01,0,0,0,0,0,0,0,0,0,0,0,0,0,0,0,0,0,0,0,0,0,0,0,0,0,0,0,0,0,0,0,0,0,0,0,0,0,0,0,0,0,0,0,0,0,0,0,0,0,0,0,0,0,1.7,0,0,0,0,23.5,0,0,0,0,0,0,0,0,4,28.1
2020nov10_USDA_fungicides_2019_sample_130,Small Andrena_07,0.061,Andrena sp.,S521.NBAS2,Simpelaar,0,0,0,0,0,0,0,0,0,0,0,0,0,0,0,0,0,0,0,0,0,0,0,0,0.01,0,0,0,0,0,0,0,0,0,0,0,0,0,0,0,0,0,0.7,0,0,0,0,0,0,0,0,0,0,0,0,0,0,0,0,0,0,0,0,0,0,0,0,0,0,0,0,0,0,0,0,3.2,0,0,0,0,0,0,0,0,0,0,0,0,0,0,0,0,3,4
2020nov10_USDA_fungicides_2019_sample_149,Large Andrena_25,0.087,Andrena (Melandrena),S521.BDAM1,Simpelaar,0,0,0,0,0,0,0,0,0,0,0,0,0,0,0,0,0,0,0,0,0,0,0,0,0.7,0,0,0,0,0,0,0,0,0,0,0,0,0,0,0,0,0,0.01,0,0,0,0,0,0,0,0,0,0,0,0,0,0,0,0,0,0,0,0,0,0,0,0,0,0,0,0,0,0,0,0,2.4,0,0,0.01,0,0,0,0,0,0,0,0,0,0,0,0,0,4,3.1
2020nov10_USDA_fungicides_2019_sample_064,Wax_13,5.07,Bumble bee wax,,Vanderwalle,0,0,0,0,0,0,0,0,0,0,0,0,0.4,0,0,0,0,0,0,0,0,0.5,96.3,0,0.7,10,0,0,0,0,0,0,0,0,0,0,1.8,0,0,0,0,0,3.5,0,0,0,0.3,0,0,0,0,9,0.3,0,0,0,0,2,0,0.6,0.6,0,1,1.6,0,0,0,2,0,0,0,0,0,0,0.2,33.4,0,0,16.1,0,0,0,0,7.3,51.3,1.2,0,0,0,0,0,0,22,240
2020nov10_USDA_fungicides_2019_sample_180,Pollen_16,4.05,Honey bee pollen,,Vanderwalle,0,0,0,0,0,0,0,0,0,0,0,0,1,0,0,0,0,0,0,0,0,1.5,0,0,0.8,11.5,0,0,0,0,0,0,0,0,0,0,0.8,0,0,0,0,0,39.5,0,0,0,0.2,0,0,0,0,138.6,0,0,0,0,0,0,0,2.1,0,0,1.3,1.6,0,0,0,0,0,0,0,0,0,0,0,146.4,0,0,150.6,0,0,0,0,3,13.6,0,0,0,68.8,0,0,0,16,581.3
2020nov10_USDA_fungicides_2019_sample_194,Nectar_09,5,Nectar,,Vanderwalle,0,0,0,0,0,0,0,0,0,0,0,0,1.7,0,0,0,0,0,0,0,0,0,0,0,0,0,0,0,0,1,0,0,0,0,0,0,0,0,0,0,0,0,0.2,0,0,0,0,0,0,0,0,0,0,0,0,0,0,0,0,0,0,0,0,0,0,0,0,0,0,0,0,0,0,0,0,0.5,0,0,0.2,0,0,0,0,0,0.4,0,0,0,0,0,0,0,6,4.1
2020nov10_USDA_fungicides_2019_sample_221,Apple flower_15,1.75,Apple flower,,Vanderwalle,0,0,0,0,0,0,0,0,0,0,0,0,0,0,0,0,0,0,0,0,0,0.5,0,0,0.8,0,0,0,0,0,0,0,0,0,0,0,0.8,0,0,0,0,0,55.7,0,0,0,0,0,0,0,0,11.9,0,0,0,0,0,0,0,6,0,0,1,0.5,0,0,0,0,0,0,0,0,0,0,0,164.2,0,0,7.8,0,0,0,0,0,14.1,0,0,0,0,0,0,0,11,263.4
2020nov10_USDA_fungicides_2019_sample_222,Apple flower_16,2.16,Apple flower,,Vanderwalle,0,0,0,0,0,0,0,0,0,0,0,0,0,0,0,0,0,0,0,0,0,0.5,0,0,0.7,0,0,0,0,0,0,0,0,0,0,0,0.8,0,0,0,0,0,57.8,0,0,0,3.1,0,0,0,0,6.8,0,0,0,0,0,0,0,2.9,0,0,1.5,0,0,0,0,0,0,0,0,0,0,0,0,74.2,0,0,8,0,0,0,0,0,9.2,0,0,0,0,0,0,0,11,165.6
2020nov10_USDA_fungicides_2019_sample_288,Dandelion flower_39,2.17,Dandelion flower,,Vanderwalle,0,0,0,0,0,0,0,0,0,0,0,0,0,0,0,0,0,0,0,0,0,0.5,0,0,0.2,0,0,0,0,0,0,0,0,0,0,0,0.8,0,0,0,0,0,5,0,0,0,0.2,0,0,0,0,4.4,0,0,0,0,0,0,0,2.9,0,0,0,0,0,0,0,0,0,0,0,0,0,0,0,6,0,0,2.1,0,0,0,0,0,1.1,0,0,0,0,0,0,0,10,23.2
2020nov10_USDA_fungicides_2019_sample_289,Dandelion flower_40,1.98,Dandelion flower,,Vanderwalle,0,0,0,0,0,0,0,0,0,0,0,0,0,0,0,0,0,0,0,0,0,0,0,0,0.2,0,0,0,0,0,0,0,0,0,0,0,0.8,0,0,0,0,0,5.7,0,0,0,0.2,0,0,0,0,6.2,0,0,0,0,0,0,0,1.9,0,0,2,0,0,0,0,0,0,0,0,0,0,0,0,14.5,0,0,5.9,0,0,0,0,0,2.7,0,0,0,0,0,0,0,10,40.1
2020nov10_USDA_fungicides_2019_sample_033,Mason bee pollen_17,0.506,Mason bee pollen provision,,Vanderwalle,0,0,0,0,0.6,0,0,0,0,0,0,0,0.01,0,0,0.04,0,0,0,0,0,0.3,15.8,0,2.1,0,0,0,0,0,0,0,0,0,0,0,0.9,0,0,0,0,1.6,4.1,0,0,0,0.2,0,0,0,0,7.5,0,0,0,0,0,0,0,1.1,0,0,0.6,5.2,0,0,0,0,0,0,0,0,0,0,0,19.7,0,0,6.4,0,0,0,0,0,12.1,0,0,0,0,0,0,0,17,78
2020nov10_USDA_fungicides_2019_sample_048,Bumblebee Queen_14,0.699,Bombus impatiens queen,V521.PMBI1,Vanderwalle,0,0,0,0,0,0,0,0,0,0,0,0,0,0,0,0,0,0,0,0,0,0,0,0,0.01,0,0,0,0,0,0,0,0,0,0,0,0.06,0,0,0,0,0,0.7,0,0,0,0,0,0,0,0,0.8,0,0,0,0,0,0,0,0.1,0,0,1.4,0,0,0,0,0,0,0,0,0,0,0,0,6.3,0,0,0.8,0,0,0,0,0,1.1,0,0,0,0,0,0,0,9,11.4
2020nov10_USDA_fungicides_2019_sample_103,Bumblebee worker_18,0.102,Bombus impatiens worker,,Vanderwalle,0,0,0,0,0.04,0,0,0,0,0,0,0,0,0,0,0,0,0,0,0,0,0,1.7,0,0,0,0,0,0,0,0,0,0,0,0,0,0,0,0,0,0,0,0,0,0,0,0,0,0,0,0,0,0,0,0,0,0,0,0,0,0,0,0,0,0,0,0,0,0,0,0,0,0,0,0,0,0,0,0,0,0,0,0,0,0.6,0,0,0,0,0,0,0,3,2.3
2020nov10_USDA_fungicides_2019_sample_115,Honeybee worker_09,0.128,Apis mellifera worker,,Vanderwalle,0,0,0,0,39.1,0,0,5.7,0,0,0,0,0,0,0,0,0,0,0,0,0,0,0.06,0,0,0,0,0,0,0,0,0,0,0,0,0,0,0,0,0,0,0,1.3,0,0,0,0,0,0,0,0,0,0,0,0,0,0,0,0,0.6,0,0,0,0,0,0,0,0,0,0,0,0,0,0,0,2.4,0,0,0,0,0,0,0,0,6.6,0,0,0,0,0,0,0,7,55.8
2020nov10_USDA_fungicides_2019_sample_143,Small Andrena_20,0.049,Andrena sp.,V521.PMAS1,Vanderwalle,0,0,0,0,0,0,0,0,0,0,0,0,0,0,0,0,0,0,0,0,0,0,0,0,0,0,0,0,0,0,0,0,0,0,0,0,0,0,0,0,0,0,1.5,0,0,0,0,0,0,0,0,0,0,0,0,0,0,0,0,1,0,0,4.9,0,0,0,0,0,0,0,0,0,0,0,0,9.2,0,0,1.3,0,0,0,0,0,1.7,0,0,0,0,0,0,0,6,19.5
2020nov10_USDA_fungicides_2019_sample_161,Large Andrena_37,0.089,Andrena (Melandrena),V521.PMAM1,Vanderwalle,0,0,0,0,0,0,0,0,0,0,0,0,0,0,0,0,0,0,0,0,0,0,0,0,0,0,0,0,0,0,0,0,0,0,0,0,0,0,0,0,0,0,1,0,0,0,0,0,0,0,0,0,0,0,0,0,0,0,0,0.01,0,0,3.4,0,0,0,0,0,0,0,0,0,0,0,0,7.2,0,0,2.9,0,0,0,0,0,1.4,0,0,0,0,0,0,0,6,15.9
2020nov10_USDA_fungicides_2019_sample_058,Wax_07,5.01,Bumble bee wax,,WestHaven,0,0,0,0,0,0,0,0,0,0,0,0,0.3,0,0,0,0,0,0,0,0,0.5,0.8,0,0.8,0,0,0,0,0,0,0,0,0,0,0,1.3,0,0,0,0,0,0,0,0,0,0.2,0,0,0,0,0,0.3,0,0,0,0,0,2.7,0.1,0.5,0,0,0.8,0,0,0,0,0,0,0,0.5,0,0,0.4,0.4,0,0,1.1,0,0,0,0,0,0.4,0.2,0,0,0,0,0,0,17,11.3
2020nov10_USDA_fungicides_2019_sample_182,Pollen_18,3.03,Honey bee pollen,,WestHaven,0,0,0,0,0,0,0,0,0,0,0,0,0.6,0,0,0.5,0,0,0,0,0,0,0,0,0.6,0,0,0,0,0,0,0,0,0,1.7,0,0,0,0,0,0,0,0,0,0,0,0,0,0,0,0,0,0,0,0,0,0,0,0,0,0,0,0,0.8,0,0,0,0,0,0,0,0,0,0,0,0.5,0.8,0,0.4,0,0,0,0,0,0.2,0,0,0,0,0,0,0,9,6.2
2020nov10_USDA_fungicides_2019_sample_200,Nectar_15,5.02,Nectar,,WestHaven,0,0,0,0,0,0,0,0,0,0,0,0,0.5,0,0,0,0,0,0,0,0,0,0,0,0,0,0,0,0,0,0,0,0,0,0,0,0,0,0,0,0,0,0,0,0,0,0,0,0,0,0,0,0,0,0,0,0,0,0,0,0,0,0,0,0,0,0,0,0,0,0,0,0,0,0,0,0,0,0,0,0,0,0,0,0,0,0,0,0,0,0,0,1,0.5
2020nov10_USDA_fungicides_2019_sample_244,Apple flower_37,2.33,Apple flower,,WestHaven,0,0,0,0,0,0,0,0,0,0,0,0,0,0,0,0,0,0,0,0,0,0,0,0,0.2,0,0,0,0,0,0,0,0,0,0,0,0,0,0,0,0,0,0,0,0,0,0,0,0,0,0,0,0,0,0,0,0,0,0,0,0,0,0,0,0,0,0,0,0,0,0,0,0,0,0,0.7,0,0,0,0,0,0,0,0,0,0,0,0,0,0,0,0,2,0.9
2020nov10_USDA_fungicides_2019_sample_245,Apple flower_38,1.59,Apple flower,,WestHaven,0,0,0,0,0,0,0,0,0,0,0,0,0,0,0,0,0,0,0,0,0,0,0,0,0.2,0,0,0,0,0,0,0,0,0,0,0,0,0,0,0,0,0,0,0,0,0,0,0,0,0,0,0,0,0,0,0,0,0,0,0,0,0,0,0,0,0,0,0,0,0,0,0,0,0,0,0,0,0,0,0,0,0,0,0,0,0,0,0,0,0,0,0,1,0.2
2020nov10_USDA_fungicides_2019_sample_278,Dandelion flower_29,2.37,Dandelion flower,,WestHaven,0,0,0,0,0,0,0,0,0,0,0,0,0,0,0,0,0,0,0,0,0,0.5,0,0,0.2,0,0,0,0,0,0,0,0,0,0,0,0,0,0,0,0,0,0,0,0,0,0,0,0,0,0,0,0,0,0,0,0,0,0,0,0,0,0,0,0,0,0,0,0,0,0,0,0,0,0,0,0,0,0,0,0,0,0,0,0,0,0,0,0,0,0,0,2,0.7
2020nov10_USDA_fungicides_2019_sample_279,Dandelion flower_30,2.07,Dandelion flower,,WestHaven,0,0,0,0,0,0,0,0,0,0,0,0,0,0,0,0,0,0,0,0,0,0.5,0,0,0.2,0,0,0,0,0,0,0,0,0,0,0,0,0,0,0,0,0,0,0,0,0,0,0,0,0,0,0,0,0,0,0,0,0,0,0,0,0,0,0,0,0,0,0,0,0,0,0,0,0,0,0,0,0,0,0,0,0,0,0,0,0,0,0,0,0,0,0,2,0.7
2020nov10_USDA_fungicides_2019_sample_024,Mason bee pollen_08,0.509,Mason bee pollen provision,,WestHaven,0,0,0,0,0.5,0,0,0,0,0,0,0,0,0,0,0,0,0,0,0,0,0,0,0,0.6,0,0,0,0,0,0,0,0,0,0,0,0,0,0,0,0,0,0,0,0,0,0,0,0,0,0,0,0,0,0,0,0,0,0.2,0,0,0,0,1.3,0,0,0,0,0,0,0,0,0,0,0,0,0,0,0,0,0,0,0,0,0,0,0,0,0,0,0,0,4,2.5
2020nov10_USDA_fungicides_2019_sample_045,Bumblebee Queen_11,0.654,Bombus impatiens queen,WH516.CUBI1,WestHaven,0,0,0,0,0,0,0,0,0,0,0,0,0,0,0,0,0,0,0,0,0,0,0,0,0,0,0,0,0,0.07,0,0,0,0,0,0,0,0,0,0,0,0,0.01,0,0,0,0,0,0,0,0,0.9,0,0,0,0,0,0,0,0,0,0,0,0,0,0,0,0,0,0,0,0,0,0,0,0.5,0.01,0,1,0,0,0,0,0,0.1,0,0,0,0,0,0,0,7,2.6
2020nov10_USDA_fungicides_2019_sample_082,Xylocopa_10,0.437,Xylocopa virginica,WH516.CUXV1,WestHaven,0,0,0,0.01,0,0,0,0,0,0,0,0,0,0,0,0,0,0,0,0,0,0,0,0,0,0,0,0,0,0,0,0,0,0,0,0,0,0,0,0,0,0,0.5,0,0,0,0,0,0,0,0,0.14,0,0,0,0,0,0,0,0,0,0,0,0,0,0,0,0,0,0,0,0,0,0,0,0.04,0,0,0.4,0,0,0,0,0,0,0,0,0,0,0,0,0,5,1.1
2020nov10_USDA_fungicides_2019_sample_088,Bumblebee worker_03,0.145,Bombus impatiens worker,,WestHaven,0,0,0,0,0,0,0,0,0,0,0,0,0,0,0,0,0,0,0,0,0,0,0,0,0,0,0,0,0,0,0,0,0,0,0,0,0,0,0,0,0,0,0,0,0,0,0,0,0,0,0,0,0,0,0,0,0,0,0,0,0,0,0,0,0,0,0,0,0,0,0,0,0,0,0,0,0,0,0,0,0,0,0,0,0,0,0,0,0,0,0,0,0,0
2020nov10_USDA_fungicides_2019_sample_119,Honeybee worker_13,0.095,Apis mellifera worker,,WestHaven,0,0,0,0,33.7,0,0,0,0,0,0,0,0,0,0,0,0,0,0,0,0,0,0,0,0,0,0,0,0,0.07,0,0,0,0,0,0,0,0,0,0,0,0,0,0,0,0,0,0,0,0,0,0,0,0,0,0,0,0,0,0,0,0,0,0,0,0,0,0,0,0,0,0,0,0,0,0,0,0,0,0,0,0,0,0,0,0,0,0,0,0,0,0,2,33.8
2020nov10_USDA_fungicides_2019_sample_142,Small Andrena_19,0.044,Andrena sp.,WH516.PKAS1,WestHaven,0,0,0,0,0,0,0,0,0,0,0,0,0,0,0,0,0,0,0,0,0,0,0,0,0,0,0,0,0,0,0,0,0,0,0,0,0,0,0,0,0,0,0.01,0,0,0,0,0,0,0,0,0,0,0,0,0,0,0,0,0,0,0,0,0,0,0,0,0,0,0,0,0,0,0,0,0,0,0,0,0,0,0,0,0,0,0,0,0,0,0,0,0,1,0
2020nov10_USDA_fungicides_2019_sample_160,Large Andrena_36,0.101,Andrena (Melandrena),WH516.CUAM1,WestHaven,0,0,0,0,0,0,0,0,0,0,0,0,0,0,0,0,0,0,0,0,0,0,0,0,0,0,0,0,0,0,0,0,0,0,0,0,0,0,0,0,0,0,0,0,0,0,0,0,0,0,0,0,0,0,0,0,0,0,0,0,0,0,0,0,0,0,0,0,0,0,0,0,0,0,0,0.04,0,0,0.9,0,0,0,0,0,0,0,0,0,0,0,0,0,2,0.9
